シリーズ,カテゴリ,Token type,名前,Total tokens,Supply,Holders,WeeklyTx,LINE NFT,Explorer,imgURL
第1弾,ミリオンプレス,10000001,スーパーエル,1230,1230,435,1023,https://nft.line.me/search?currency=FNSA&isSale=ON&priceMin=2&priceMax=20&sort=PRICE_LOW&searchText=%E3%82%B9%E3%83%BC%E3%83%91%E3%83%BC%E3%82%A8%E3%83%AB&tab=marketplace,https://explorer.blockchain.line.me/finschia/item-token-type/db8c702e/10000001,https://lbw-impro.line-apps.com/v1/daphne/token/db8c702e/1000000100000001
第1弾,ミリオンプレス,10000002,デビルウアサハ,1230,1230,451,525,https://nft.line.me/search?isSale=ON&sort=PRICE_LOW&searchText=%E3%83%87%E3%83%93%E3%83%AB%E3%82%A6%E3%82%A2%E3%82%B5%E3%83%8F&tab=marketplace,https://explorer.blockchain.line.me/finschia/item-token-type/db8c702e/10000002,https://lbw-impro.line-apps.com/v1/daphne/token/db8c702e/1000000200000001
第1弾,ミリオンプレス,10000003,マーリン,1230,1230,579,523,https://nft.line.me/search?isSale=ON&sort=PRICE_LOW&searchText=%E3%83%9E%E3%83%BC%E3%83%AA%E3%83%B3&tab=marketplace,https://explorer.blockchain.line.me/finschia/item-token-type/db8c702e/10000003,https://lbw-impro.line-apps.com/v1/daphne/token/db8c702e/1000000300000001
第1弾,ミリオンプレス,10000004,アーサー魔法の派,1230,1230,570,1014,https://nft.line.me/search?isSale=ON&sort=PRICE_LOW&searchText=%E3%82%A2%E3%83%BC%E3%82%B5%E3%83%BC%E9%AD%94%E6%B3%95%E3%81%AE%E6%B4%BE&tab=marketplace,https://explorer.blockchain.line.me/finschia/item-token-type/db8c702e/10000004,https://lbw-impro.line-apps.com/v1/daphne/token/db8c702e/1000000400000001
第1弾,ミリオンプレス,10000005,歌姫アーサー,1230,1230,544,1024,https://nft.line.me/search?isSale=ON&sort=PRICE_LOW&searchText=%E6%AD%8C%E5%A7%AB%E3%82%A2%E3%83%BC%E3%82%B5%E3%83%BC&tab=marketplace,https://explorer.blockchain.line.me/finschia/item-token-type/db8c702e/10000005,https://lbw-impro.line-apps.com/v1/daphne/token/db8c702e/1000000500000001
第1弾,ミリオンプレス,10000006,クーホリン,1230,1230,569,3,https://nft.line.me/search?currency=FNSA&isSale=ON&priceMin=0.15&priceMax=2&brandIds%5B0%5D=30&sort=PRICE_LOW&searchText=%E3%82%AF%E3%83%BC%E3%83%9B%E3%83%AA%E3%83%B3&tab=marketplace,https://explorer.blockchain.line.me/finschia/item-token-type/db8c702e/10000006,https://lbw-impro.line-apps.com/v1/daphne/token/db8c702e/1000000600000001
第1弾,ミリオンプレス,10000007,団長アーサー,1230,1230,559,516,https://nft.line.me/search?isSale=ON&brandIds%5B0%5D=30&sort=PRICE_LOW&searchText=%E5%9B%A3%E9%95%B7%E3%82%A2%E3%83%BC%E3%82%B5%E3%83%BC&tab=marketplace,https://explorer.blockchain.line.me/finschia/item-token-type/db8c702e/10000007,https://lbw-impro.line-apps.com/v1/daphne/token/db8c702e/1000000700000001
第1弾,ミリオンプレス,10000008,二刀アーサー,1230,1230,560,8,https://nft.line.me/search?currency=FNSA&isSale=ON&priceMin=0.3&priceMax=2&sort=PRICE_LOW&searchText=%E4%BA%8C%E5%88%80%E3%82%A2%E3%83%BC%E3%82%B5%E3%83%BC&tab=marketplace,https://explorer.blockchain.line.me/finschia/item-token-type/db8c702e/10000008,https://lbw-impro.line-apps.com/v1/daphne/token/db8c702e/1000000800000001
第1弾,ミリオンプレス,10000009,ガウェイン,1230,1230,570,26,https://nft.line.me/search?isSale=ON&sort=PRICE_LOW&searchText=%E3%82%AC%E3%82%A6%E3%82%A7%E3%82%A4%E3%83%B3&tab=marketplace,https://explorer.blockchain.line.me/finschia/item-token-type/db8c702e/10000009,https://lbw-impro.line-apps.com/v1/daphne/token/db8c702e/1000000900000001
第1弾,ミリオンプレス,1000000a,バナナ大臣,1230,1230,568,507,https://nft.line.me/search?isSale=ON&sort=PRICE_LOW&searchText=%E3%83%90%E3%83%8A%E3%83%8A%E5%A4%A7%E8%87%A3&tab=marketplace,https://explorer.blockchain.line.me/finschia/item-token-type/db8c702e/1000000a,https://lbw-impro.line-apps.com/v1/daphne/token/db8c702e/1000000a00000001
第1弾,ミリオンプレス,1000000b,烏骨鶏,2390,2390,623,647,https://nft.line.me/search?isSale=ON&sort=PRICE_LOW&searchText=%E7%83%8F%E9%AA%A8%E9%B6%8F&tab=marketplace,https://explorer.blockchain.line.me/finschia/item-token-type/db8c702e/1000000b,https://lbw-impro.line-apps.com/v1/daphne/token/db8c702e/1000000b00000001
第1弾,4コマ,1000000c,弱酸性ブロックチェーン ①,1230,1230,630,1010,https://nft.line.me/search?isSale=ON&brandIds%5B0%5D=30&sort=PRICE_LOW&searchText=%E5%BC%B1%E9%85%B8%E6%80%A7%E3%83%96%E3%83%AD%E3%83%83%E3%82%AF%E3%83%81%E3%82%A7%E3%83%BC%E3%83%B3%20%E2%91%A0&tab=marketplace,https://explorer.blockchain.line.me/finschia/item-token-type/db8c702e/1000000c,https://lbw-impro.line-apps.com/v1/daphne/token/db8c702e/1000000c00000001
第1弾,4コマ,1000000d,弱酸性ブロックチェーン ②,1230,1230,617,13,https://nft.line.me/search?isSale=ON&brandIds%5B0%5D=30&sort=PRICE_LOW&searchText=%E5%BC%B1%E9%85%B8%E6%80%A7%E3%83%96%E3%83%AD%E3%83%83%E3%82%AF%E3%83%81%E3%82%A7%E3%83%BC%E3%83%B3%20%E2%91%A1&tab=marketplace,https://explorer.blockchain.line.me/finschia/item-token-type/db8c702e/1000000d,https://lbw-impro.line-apps.com/v1/daphne/token/db8c702e/1000000d00000001
第1弾,4コマ,1000000e,弱酸性ブロックチェーン ③,1230,1230,559,1502,https://nft.line.me/search?isSale=ON&brandIds%5B0%5D=30&sort=PRICE_LOW&searchText=%E5%BC%B1%E9%85%B8%E6%80%A7%E3%83%96%E3%83%AD%E3%83%83%E3%82%AF%E3%83%81%E3%82%A7%E3%83%BC%E3%83%B3%20%E2%91%A2&tab=marketplace,https://explorer.blockchain.line.me/finschia/item-token-type/db8c702e/1000000e,https://lbw-impro.line-apps.com/v1/daphne/token/db8c702e/1000000e00000001
第1弾,4コマ,1000000f,弱酸性ブロックチェーン ④,1230,1230,610,1522,https://nft.line.me/search?isSale=ON&brandIds%5B0%5D=30&sort=PRICE_LOW&searchText=%E5%BC%B1%E9%85%B8%E6%80%A7%E3%83%96%E3%83%AD%E3%83%83%E3%82%AF%E3%83%81%E3%82%A7%E3%83%BC%E3%83%B3%20%E2%91%A3&tab=marketplace,https://explorer.blockchain.line.me/finschia/item-token-type/db8c702e/1000000f,https://lbw-impro.line-apps.com/v1/daphne/token/db8c702e/1000000f00000001
第1弾,4コマ,10000010,夢を追いかけて ①,1230,1230,488,517,https://nft.line.me/search?isSale=ON&brandIds%5B0%5D=30&sort=PRICE_LOW&searchText=%E5%A4%A2%E3%82%92%E8%BF%BD%E3%81%84%E3%81%8B%E3%81%91%E3%81%A6%20%E2%91%A0&tab=marketplace,https://explorer.blockchain.line.me/finschia/item-token-type/db8c702e/10000010,https://lbw-impro.line-apps.com/v1/daphne/token/db8c702e/1000001000000001
第1弾,4コマ,10000011,夢を追いかけて ②,1230,1230,513,524,https://nft.line.me/search?isSale=ON&brandIds%5B0%5D=30&sort=PRICE_LOW&searchText=%E5%A4%A2%E3%82%92%E8%BF%BD%E3%81%84%E3%81%8B%E3%81%91%E3%81%A6%20%E2%91%A1&tab=marketplace,https://explorer.blockchain.line.me/finschia/item-token-type/db8c702e/10000011,https://lbw-impro.line-apps.com/v1/daphne/token/db8c702e/1000001100000001
第1弾,4コマ,10000012,夢を追いかけて ③,1230,1230,477,21,https://nft.line.me/search?isSale=ON&brandIds%5B0%5D=30&sort=PRICE_LOW&searchText=%E5%A4%A2%E3%82%92%E8%BF%BD%E3%81%84%E3%81%8B%E3%81%91%E3%81%A6%20%E2%91%A2&tab=marketplace,https://explorer.blockchain.line.me/finschia/item-token-type/db8c702e/10000012,https://lbw-impro.line-apps.com/v1/daphne/token/db8c702e/1000001200000001
第1弾,4コマ,10000013,夢を追いかけて ④,1230,1230,464,513,https://nft.line.me/search?isSale=ON&brandIds%5B0%5D=30&sort=PRICE_LOW&searchText=%E5%A4%A2%E3%82%92%E8%BF%BD%E3%81%84%E3%81%8B%E3%81%91%E3%81%A6%20%E2%91%A3&tab=marketplace,https://explorer.blockchain.line.me/finschia/item-token-type/db8c702e/10000013,https://lbw-impro.line-apps.com/v1/daphne/token/db8c702e/1000001300000001
第1弾,4コマ,10000014,ドジョウに恋をして ①,1230,1230,410,510,https://nft.line.me/search?isSale=ON&brandIds%5B0%5D=30&sort=PRICE_LOW&searchText=%E3%83%89%E3%82%B8%E3%83%A7%E3%82%A6%E3%81%AB%E6%81%8B%E3%82%92%E3%81%97%E3%81%A6%20%E2%91%A0&tab=marketplace,https://explorer.blockchain.line.me/finschia/item-token-type/db8c702e/10000014,https://lbw-impro.line-apps.com/v1/daphne/token/db8c702e/1000001400000001
第1弾,4コマ,10000015,ドジョウに恋をして ②,1230,1230,408,1,https://nft.line.me/search?isSale=ON&brandIds%5B0%5D=30&sort=PRICE_LOW&searchText=%E3%83%89%E3%82%B8%E3%83%A7%E3%82%A6%E3%81%AB%E6%81%8B%E3%82%92%E3%81%97%E3%81%A6%20%E2%91%A1&tab=marketplace,https://explorer.blockchain.line.me/finschia/item-token-type/db8c702e/10000015,https://lbw-impro.line-apps.com/v1/daphne/token/db8c702e/1000001500000001
第1弾,4コマ,10000016,ドジョウに恋をして ③,1230,1230,412,509,https://nft.line.me/search?isSale=ON&brandIds%5B0%5D=30&sort=PRICE_LOW&searchText=%E3%83%89%E3%82%B8%E3%83%A7%E3%82%A6%E3%81%AB%E6%81%8B%E3%82%92%E3%81%97%E3%81%A6%20%E2%91%A2&tab=marketplace,https://explorer.blockchain.line.me/finschia/item-token-type/db8c702e/10000016,https://lbw-impro.line-apps.com/v1/daphne/token/db8c702e/1000001600000001
第1弾,4コマ,10000017,ドジョウに恋をして ④,1230,1230,396,1003,https://nft.line.me/search?isSale=ON&brandIds%5B0%5D=30&sort=PRICE_LOW&searchText=%E3%83%89%E3%82%B8%E3%83%A7%E3%82%A6%E3%81%AB%E6%81%8B%E3%82%92%E3%81%97%E3%81%A6%20%E2%91%A3&tab=marketplace,https://explorer.blockchain.line.me/finschia/item-token-type/db8c702e/10000017,https://lbw-impro.line-apps.com/v1/daphne/token/db8c702e/1000001700000001
第1弾,4コマ,10000018,魂に刻んでいく ①,1230,1230,395,503,https://nft.line.me/search?isSale=ON&brandIds%5B0%5D=30&sort=PRICE_LOW&searchText=%E9%AD%82%E3%81%AB%E5%88%BB%E3%82%93%E3%81%A7%E3%81%84%E3%81%8F%20%E2%91%A0&tab=marketplace,https://explorer.blockchain.line.me/finschia/item-token-type/db8c702e/10000018,https://lbw-impro.line-apps.com/v1/daphne/token/db8c702e/1000001800000001
第1弾,4コマ,10000019,魂に刻んでいく ②,1230,1230,380,1,https://nft.line.me/search?isSale=ON&brandIds%5B0%5D=30&sort=PRICE_LOW&searchText=%E9%AD%82%E3%81%AB%E5%88%BB%E3%82%93%E3%81%A7%E3%81%84%E3%81%8F%20%E2%91%A1&tab=marketplace,https://explorer.blockchain.line.me/finschia/item-token-type/db8c702e/10000019,https://lbw-impro.line-apps.com/v1/daphne/token/db8c702e/1000001900000001
第1弾,4コマ,1000001a,魂に刻んでいく ③,1230,1230,369,1,https://nft.line.me/search?isSale=ON&brandIds%5B0%5D=30&sort=PRICE_LOW&searchText=%E9%AD%82%E3%81%AB%E5%88%BB%E3%82%93%E3%81%A7%E3%81%84%E3%81%8F%20%E2%91%A2&tab=marketplace,https://explorer.blockchain.line.me/finschia/item-token-type/db8c702e/1000001a,https://lbw-impro.line-apps.com/v1/daphne/token/db8c702e/1000001a00000001
第1弾,4コマ,1000001b,魂に刻んでいく ④,1230,1230,379,11,https://nft.line.me/search?isSale=ON&brandIds%5B0%5D=30&sort=PRICE_LOW&searchText=%E9%AD%82%E3%81%AB%E5%88%BB%E3%82%93%E3%81%A7%E3%81%84%E3%81%8F%20%E2%91%A3&tab=marketplace,https://explorer.blockchain.line.me/finschia/item-token-type/db8c702e/1000001b,https://lbw-impro.line-apps.com/v1/daphne/token/db8c702e/1000001b00000001
第1弾,4コマ,1000001c,NFTって何だろう ①,1230,1230,510,1010,https://nft.line.me/search?isSale=ON&brandIds%5B0%5D=30&sort=PRICE_LOW&searchText=NFT%E3%81%A3%E3%81%A6%E4%BD%95%E3%81%A0%E3%82%8D%E3%81%86%20%E2%91%A0&tab=marketplace,https://explorer.blockchain.line.me/finschia/item-token-type/db8c702e/1000001c,https://lbw-impro.line-apps.com/v1/daphne/token/db8c702e/1000001c00000001
第1弾,4コマ,1000001d,NFTって何だろう ②,1230,1230,542,18,https://nft.line.me/search?isSale=ON&brandIds%5B0%5D=30&sort=PRICE_LOW&searchText=NFT%E3%81%A3%E3%81%A6%E4%BD%95%E3%81%A0%E3%82%8D%E3%81%86%20%E2%91%A1&tab=marketplace,https://explorer.blockchain.line.me/finschia/item-token-type/db8c702e/1000001d,https://lbw-impro.line-apps.com/v1/daphne/token/db8c702e/1000001d00000001
第1弾,4コマ,1000001e,NFTって何だろう ③,1230,1230,631,22,https://nft.line.me/search?isSale=ON&brandIds%5B0%5D=30&sort=PRICE_LOW&searchText=NFT%E3%81%A3%E3%81%A6%E4%BD%95%E3%81%A0%E3%82%8D%E3%81%86%20%E2%91%A2&tab=marketplace,https://explorer.blockchain.line.me/finschia/item-token-type/db8c702e/1000001e,https://lbw-impro.line-apps.com/v1/daphne/token/db8c702e/1000001e00000001
第1弾,4コマ,1000001f,NFTって何だろう ④,1230,1230,543,510,https://nft.line.me/search?isSale=ON&brandIds%5B0%5D=30&sort=PRICE_LOW&searchText=NFT%E3%81%A3%E3%81%A6%E4%BD%95%E3%81%A0%E3%82%8D%E3%81%86%20%E2%91%A3&tab=marketplace,https://explorer.blockchain.line.me/finschia/item-token-type/db8c702e/1000001f,https://lbw-impro.line-apps.com/v1/daphne/token/db8c702e/1000001f00000001
第2弾,ミリオンプレス,10000020,ゴッドファルサリア,1230,1230,591,1056,https://nft.line.me/search?currency=FNSA&isSale=ON&priceMin=0.5&priceMax=2&brandIds%5B0%5D=30&sort=PRICE_LOW&searchText=%E3%82%B4%E3%83%83%E3%83%89%E3%83%95%E3%82%A1%E3%83%AB%E3%82%B5%E3%83%AA%E3%82%A2&tab=marketplace,https://explorer.blockchain.line.me/finschia/item-token-type/db8c702e/10000020,https://lbw-impro.line-apps.com/v1/daphne/token/db8c702e/1000002000000001
第2弾,ミリオンプレス,10000021,大納言エル,1230,1230,589,32,https://nft.line.me/search?currency=FNSA&isSale=ON&priceMin=0.2&priceMax=2&sort=PRICE_LOW&searchText=%E5%A4%A7%E7%B4%8D%E8%A8%80%E3%82%A8%E3%83%AB&tab=marketplace,https://explorer.blockchain.line.me/finschia/item-token-type/db8c702e/10000021,https://lbw-impro.line-apps.com/v1/daphne/token/db8c702e/1000002100000001
第2弾,ミリオンプレス,10000022,ニムエ,1230,1230,668,1021,https://nft.line.me/search?isSale=ON&sort=PRICE_LOW&searchText=%E3%83%8B%E3%83%A0%E3%82%A8&tab=marketplace,https://explorer.blockchain.line.me/finschia/item-token-type/db8c702e/10000022,https://lbw-impro.line-apps.com/v1/daphne/token/db8c702e/1000002200000001
第2弾,ミリオンプレス,10000023,アーサー剣術の城,1230,1230,669,26,https://nft.line.me/search?isSale=ON&brandIds%5B0%5D=30&sort=PRICE_LOW&searchText=%E3%82%A2%E3%83%BC%E3%82%B5%E3%83%BC%E5%89%A3%E8%A1%93%E3%81%AE%E5%9F%8E&tab=marketplace,https://explorer.blockchain.line.me/finschia/item-token-type/db8c702e/10000023,https://lbw-impro.line-apps.com/v1/daphne/token/db8c702e/1000002300000001
第2弾,ミリオンプレス,10000024,傭兵アーサー,1230,1230,646,12,https://nft.line.me/search?isSale=ON&brandIds%5B0%5D=30&sort=PRICE_LOW&searchText=%E5%82%AD%E5%85%B5%E3%82%A2%E3%83%BC%E3%82%B5%E3%83%BC&tab=marketplace,https://explorer.blockchain.line.me/finschia/item-token-type/db8c702e/10000024,https://lbw-impro.line-apps.com/v1/daphne/token/db8c702e/1000002400000001
第2弾,ミリオンプレス,10000025,フェイ,1230,1230,678,9,https://nft.line.me/search?isSale=ON&brandIds%5B0%5D=30&sort=PRICE_LOW&searchText=%E3%83%95%E3%82%A7%E3%82%A4&tab=marketplace,https://explorer.blockchain.line.me/finschia/item-token-type/db8c702e/10000025,https://lbw-impro.line-apps.com/v1/daphne/token/db8c702e/1000002500000001
第2弾,ミリオンプレス,10000026,錬金アーサー,1230,1230,681,19,https://nft.line.me/search?tab=marketplace&searchText=%E9%8C%AC%E9%87%91%E3%82%A2%E3%83%BC%E3%82%B5%E3%83%BC&brandIds[0]=30&sort=RANDOM&isSale=ON,https://explorer.blockchain.line.me/finschia/item-token-type/db8c702e/10000026,https://lbw-impro.line-apps.com/v1/daphne/token/db8c702e/1000002600000001
第2弾,ミリオンプレス,10000027,居合アーサー,1230,1230,625,49,https://nft.line.me/search?tab=marketplace&searchText=%E5%B1%85%E5%90%88%E3%82%A2%E3%83%BC%E3%82%B5%E3%83%BC&brandIds[0]=30&sort=RANDOM&isSale=ON,https://explorer.blockchain.line.me/finschia/item-token-type/db8c702e/10000027,https://lbw-impro.line-apps.com/v1/daphne/token/db8c702e/1000002700000001
第2弾,ミリオンプレス,10000028,エニード,1230,1230,652,511,https://nft.line.me/search?isSale=ON&brandIds%5B0%5D=30&sort=PRICE_LOW&searchText=%E3%82%A8%E3%83%8B%E3%83%BC%E3%83%89&tab=marketplace,https://explorer.blockchain.line.me/finschia/item-token-type/db8c702e/10000028,https://lbw-impro.line-apps.com/v1/daphne/token/db8c702e/1000002800000001
第2弾,ミリオンプレス,10000029,グリンゴレット,1230,1230,639,31,https://nft.line.me/search?isSale=ON&brandIds%5B0%5D=30&sort=PRICE_LOW&searchText=%E3%82%B0%E3%83%AA%E3%83%B3%E3%82%B4%E3%83%AC%E3%83%83%E3%83%88&tab=marketplace,https://explorer.blockchain.line.me/finschia/item-token-type/db8c702e/10000029,https://lbw-impro.line-apps.com/v1/daphne/token/db8c702e/1000002900000001
第2弾,ミリオンプレス,1000002a,ガラハッド,1884,1884,585,154,https://nft.line.me/search?isSale=ON&brandIds%5B0%5D=30&sort=PRICE_LOW&searchText=%E3%82%AC%E3%83%A9%E3%83%8F%E3%83%83%E3%83%89&tab=marketplace,https://explorer.blockchain.line.me/finschia/item-token-type/db8c702e/1000002a,https://lbw-impro.line-apps.com/v1/daphne/token/db8c702e/1000002a00000001
第2弾,ミリオンプレス,1000002b,魔獣神ファルサリア,2223,2223,562,1605,https://nft.line.me/search?isSale=ON&brandIds%5B0%5D=30&sort=PRICE_LOW&searchText=%E9%AD%94%E7%8D%A3%E7%A5%9E%E3%83%95%E3%82%A1%E3%83%AB%E3%82%B5%E3%83%AA%E3%82%A2&tab=marketplace,https://explorer.blockchain.line.me/finschia/item-token-type/db8c702e/1000002b,https://lbw-impro.line-apps.com/v1/daphne/token/db8c702e/1000002b00000001
第2弾,4コマ,1000002c,試練に立ち向かえ！①,1230,1230,597,1022,https://nft.line.me/search?isSale=ON&brandIds%5B0%5D=30&sort=PRICE_LOW&searchText=%E8%A9%A6%E7%B7%B4%E3%81%AB%E7%AB%8B%E3%81%A1%E5%90%91%E3%81%8B%E3%81%88%EF%BC%81%E2%91%A0&tab=marketplace,https://explorer.blockchain.line.me/finschia/item-token-type/db8c702e/1000002c,https://lbw-impro.line-apps.com/v1/daphne/token/db8c702e/1000002c00000001
第2弾,4コマ,1000002d,試練に立ち向かえ！②,1230,1230,584,3,https://nft.line.me/search?isSale=ON&brandIds%5B0%5D=30&sort=PRICE_LOW&searchText=%E8%A9%A6%E7%B7%B4%E3%81%AB%E7%AB%8B%E3%81%A1%E5%90%91%E3%81%8B%E3%81%88%EF%BC%81%E2%91%A1&tab=marketplace,https://explorer.blockchain.line.me/finschia/item-token-type/db8c702e/1000002d,https://lbw-impro.line-apps.com/v1/daphne/token/db8c702e/1000002d00000001
第2弾,4コマ,1000002e,試練に立ち向かえ！③,1230,1230,548,1,https://nft.line.me/search?isSale=ON&brandIds%5B0%5D=30&sort=PRICE_LOW&searchText=%E8%A9%A6%E7%B7%B4%E3%81%AB%E7%AB%8B%E3%81%A1%E5%90%91%E3%81%8B%E3%81%88%EF%BC%81%E2%91%A2&tab=marketplace,https://explorer.blockchain.line.me/finschia/item-token-type/db8c702e/1000002e,https://lbw-impro.line-apps.com/v1/daphne/token/db8c702e/1000002e00000001
第2弾,4コマ,1000002f,試練に立ち向かえ！④,1230,1230,563,509,https://nft.line.me/search?isSale=ON&brandIds%5B0%5D=30&sort=PRICE_LOW&searchText=%E8%A9%A6%E7%B7%B4%E3%81%AB%E7%AB%8B%E3%81%A1%E5%90%91%E3%81%8B%E3%81%88%EF%BC%81%E2%91%A3&tab=marketplace,https://explorer.blockchain.line.me/finschia/item-token-type/db8c702e/1000002f,https://lbw-impro.line-apps.com/v1/daphne/token/db8c702e/1000002f00000001
第2弾,4コマ,10000030,熱海～★①,1230,1230,549,504,https://nft.line.me/search?isSale=ON&brandIds%5B0%5D=30&sort=PRICE_LOW&searchText=%E7%86%B1%E6%B5%B7%EF%BD%9E%E2%98%85%E2%91%A0&tab=marketplace,https://explorer.blockchain.line.me/finschia/item-token-type/db8c702e/10000030,https://lbw-impro.line-apps.com/v1/daphne/token/db8c702e/1000003000000001
第2弾,4コマ,10000031,熱海～★②,1230,1230,548,508,https://nft.line.me/search?isSale=ON&brandIds%5B0%5D=30&sort=PRICE_LOW&searchText=%E7%86%B1%E6%B5%B7%EF%BD%9E%E2%98%85%E2%91%A1&tab=marketplace,https://explorer.blockchain.line.me/finschia/item-token-type/db8c702e/10000031,https://lbw-impro.line-apps.com/v1/daphne/token/db8c702e/1000003100000001
第2弾,4コマ,10000032,熱海～★③,1230,1230,543,4,https://nft.line.me/search?isSale=ON&brandIds%5B0%5D=30&sort=PRICE_LOW&searchText=%E7%86%B1%E6%B5%B7%EF%BD%9E%E2%98%85%E2%91%A2&tab=marketplace,https://explorer.blockchain.line.me/finschia/item-token-type/db8c702e/10000032,https://lbw-impro.line-apps.com/v1/daphne/token/db8c702e/1000003200000001
第2弾,4コマ,10000033,熱海～★④,1230,1230,561,504,https://nft.line.me/search?isSale=ON&brandIds%5B0%5D=30&sort=PRICE_LOW&searchText=%E7%86%B1%E6%B5%B7%EF%BD%9E%E2%98%85%E2%91%A3&tab=marketplace,https://explorer.blockchain.line.me/finschia/item-token-type/db8c702e/10000033,https://lbw-impro.line-apps.com/v1/daphne/token/db8c702e/1000003300000001
第2弾,4コマ,10000034,ブラック企業を抜け出そう①,1230,1230,541,506,https://nft.line.me/search?isSale=ON&brandIds%5B0%5D=30&sort=PRICE_LOW&searchText=%E3%83%96%E3%83%A9%E3%83%83%E3%82%AF%E4%BC%81%E6%A5%AD%E3%82%92%E6%8A%9C%E3%81%91%E5%87%BA%E3%81%9D%E3%81%86%E2%91%A0&tab=marketplace,https://explorer.blockchain.line.me/finschia/item-token-type/db8c702e/10000034,https://lbw-impro.line-apps.com/v1/daphne/token/db8c702e/1000003400000001
第2弾,4コマ,10000035,ブラック企業を抜け出そう③,1230,1230,536,11,https://nft.line.me/search?isSale=ON&brandIds%5B0%5D=30&sort=PRICE_LOW&searchText=%E3%83%96%E3%83%A9%E3%83%83%E3%82%AF%E4%BC%81%E6%A5%AD%E3%82%92%E6%8A%9C%E3%81%91%E5%87%BA%E3%81%9D%E3%81%86%E2%91%A2&tab=marketplace,https://explorer.blockchain.line.me/finschia/item-token-type/db8c702e/10000035,https://lbw-impro.line-apps.com/v1/daphne/token/db8c702e/1000003500000001
第2弾,4コマ,10000036,ブラック企業を抜け出そう②,1230,1230,528,9,https://nft.line.me/search?isSale=ON&brandIds%5B0%5D=30&sort=PRICE_LOW&searchText=%E3%83%96%E3%83%A9%E3%83%83%E3%82%AF%E4%BC%81%E6%A5%AD%E3%82%92%E6%8A%9C%E3%81%91%E5%87%BA%E3%81%9D%E3%81%86%E2%91%A1&tab=marketplace,https://explorer.blockchain.line.me/finschia/item-token-type/db8c702e/10000036,https://lbw-impro.line-apps.com/v1/daphne/token/db8c702e/1000003600000001
第2弾,4コマ,10000037,ブラック企業を抜け出そう④,1230,1230,539,7,https://nft.line.me/search?isSale=ON&brandIds%5B0%5D=30&sort=PRICE_LOW&searchText=%E3%83%96%E3%83%A9%E3%83%83%E3%82%AF%E4%BC%81%E6%A5%AD%E3%82%92%E6%8A%9C%E3%81%91%E5%87%BA%E3%81%9D%E3%81%86%E2%91%A3&tab=marketplace,https://explorer.blockchain.line.me/finschia/item-token-type/db8c702e/10000037,https://lbw-impro.line-apps.com/v1/daphne/token/db8c702e/1000003700000001
第2弾,4コマ,10000038,君との新しい日々①,1230,1230,548,6,https://nft.line.me/search?isSale=ON&brandIds%5B0%5D=30&sort=PRICE_LOW&searchText=%E5%90%9B%E3%81%A8%E3%81%AE%E6%96%B0%E3%81%97%E3%81%84%E6%97%A5%E3%80%85%E2%91%A0&tab=marketplace,https://explorer.blockchain.line.me/finschia/item-token-type/db8c702e/10000038,https://lbw-impro.line-apps.com/v1/daphne/token/db8c702e/1000003800000001
第2弾,4コマ,10000039,君との新しい日々②,1230,1230,525,8,https://nft.line.me/search?isSale=ON&brandIds%5B0%5D=30&sort=PRICE_LOW&searchText=%E5%90%9B%E3%81%A8%E3%81%AE%E6%96%B0%E3%81%97%E3%81%84%E6%97%A5%E3%80%85%E2%91%A1&tab=marketplace,https://explorer.blockchain.line.me/finschia/item-token-type/db8c702e/10000039,https://lbw-impro.line-apps.com/v1/daphne/token/db8c702e/1000003900000001
第2弾,4コマ,1000003a,君との新しい日々③,1230,1230,515,6,https://nft.line.me/search?isSale=ON&brandIds%5B0%5D=30&sort=PRICE_LOW&searchText=%E5%90%9B%E3%81%A8%E3%81%AE%E6%96%B0%E3%81%97%E3%81%84%E6%97%A5%E3%80%85%E2%91%A2&tab=marketplace,https://explorer.blockchain.line.me/finschia/item-token-type/db8c702e/1000003a,https://lbw-impro.line-apps.com/v1/daphne/token/db8c702e/1000003a00000001
第2弾,4コマ,1000003b,君との新しい日々④,1230,1230,549,1004,https://nft.line.me/search?isSale=ON&brandIds%5B0%5D=30&sort=PRICE_LOW&searchText=%E5%90%9B%E3%81%A8%E3%81%AE%E6%96%B0%E3%81%97%E3%81%84%E6%97%A5%E3%80%85%E2%91%A3&tab=marketplace,https://explorer.blockchain.line.me/finschia/item-token-type/db8c702e/1000003b,https://lbw-impro.line-apps.com/v1/daphne/token/db8c702e/1000003b00000001
第2弾,4コマ,1000003c,カソウツウカってなあに？①,1230,1230,545,4,https://nft.line.me/search?isSale=ON&brandIds%5B0%5D=30&sort=PRICE_LOW&searchText=%E3%82%AB%E3%82%BD%E3%82%A6%E3%83%84%E3%82%A6%E3%82%AB%E3%81%A3%E3%81%A6%E3%81%AA%E3%81%82%E3%81%AB%EF%BC%9F%E2%91%A0&tab=marketplace,https://explorer.blockchain.line.me/finschia/item-token-type/db8c702e/1000003c,https://lbw-impro.line-apps.com/v1/daphne/token/db8c702e/1000003c00000001
第2弾,4コマ,1000003d,カソウツウカってなあに？②,1230,1230,543,502,https://nft.line.me/search?isSale=ON&brandIds%5B0%5D=30&sort=PRICE_LOW&searchText=%E3%82%AB%E3%82%BD%E3%82%A6%E3%83%84%E3%82%A6%E3%82%AB%E3%81%A3%E3%81%A6%E3%81%AA%E3%81%82%E3%81%AB%EF%BC%9F%E2%91%A1&tab=marketplace,https://explorer.blockchain.line.me/finschia/item-token-type/db8c702e/1000003d,https://lbw-impro.line-apps.com/v1/daphne/token/db8c702e/1000003d00000001
第2弾,4コマ,1000003e,カソウツウカってなあに？③,1230,1230,538,503,https://nft.line.me/search?isSale=ON&brandIds%5B0%5D=30&sort=PRICE_LOW&searchText=%E3%82%AB%E3%82%BD%E3%82%A6%E3%83%84%E3%82%A6%E3%82%AB%E3%81%A3%E3%81%A6%E3%81%AA%E3%81%82%E3%81%AB%EF%BC%9F%E2%91%A2&tab=marketplace,https://explorer.blockchain.line.me/finschia/item-token-type/db8c702e/1000003e,https://lbw-impro.line-apps.com/v1/daphne/token/db8c702e/1000003e00000001
第2弾,4コマ,1000003f,カソウツウカってなあに？④,1230,1230,547,5,https://nft.line.me/search?isSale=ON&brandIds%5B0%5D=30&sort=PRICE_LOW&searchText=%E3%82%AB%E3%82%BD%E3%82%A6%E3%83%84%E3%82%A6%E3%82%AB%E3%81%A3%E3%81%A6%E3%81%AA%E3%81%82%E3%81%AB%EF%BC%9F%E2%91%A3&tab=marketplace,https://explorer.blockchain.line.me/finschia/item-token-type/db8c702e/1000003f,https://lbw-impro.line-apps.com/v1/daphne/token/db8c702e/1000003f00000001
第3弾,ミリオンプレス,10000040,大怪盗盗賊アーサー,1230,1230,576,1054,https://nft.line.me/search?isSale=ON&brandIds%5B0%5D=30&sort=PRICE_LOW&searchText=%E5%A4%A7%E6%80%AA%E7%9B%97%E7%9B%97%E8%B3%8A%E3%82%A2%E3%83%BC%E3%82%B5%E3%83%BC&tab=marketplace,https://explorer.blockchain.line.me/finschia/item-token-type/db8c702e/10000040,https://lbw-impro.line-apps.com/v1/daphne/token/db8c702e/1000004000000001
第3弾,ミリオンプレス,10000041,破壊神ビスクラヴレット,1230,1230,556,36,https://nft.line.me/search?tab=marketplace&searchText=%E7%A0%B4%E5%A3%8A%E7%A5%9E%E3%83%93%E3%82%B9%E3%82%AF%E3%83%A9%E3%83%B4%E3%83%AC%E3%83%83%E3%83%88&brandIds[0]=30&sort=RANDOM&isSale=ON,https://explorer.blockchain.line.me/finschia/item-token-type/db8c702e/10000041,https://lbw-impro.line-apps.com/v1/daphne/token/db8c702e/1000004100000001
第3弾,ミリオンプレス,10000042,アーサー技巧の場,1230,1230,579,59,https://nft.line.me/search?isSale=ON&brandIds%5B0%5D=30&sort=PRICE_LOW&searchText=%E3%82%A2%E3%83%BC%E3%82%B5%E3%83%BC%E6%8A%80%E5%B7%A7%E3%81%AE%E5%A0%B4&tab=marketplace,https://explorer.blockchain.line.me/finschia/item-token-type/db8c702e/10000042,https://lbw-impro.line-apps.com/v1/daphne/token/db8c702e/1000004200000001
第3弾,ミリオンプレス,10000043,富豪アーサー,1230,1230,574,1065,https://nft.line.me/search?isSale=ON&brandIds%5B0%5D=30&sort=PRICE_LOW&searchText=%E5%AF%8C%E8%B1%AA%E3%82%A2%E3%83%BC%E3%82%B5%E3%83%BC&tab=marketplace,https://explorer.blockchain.line.me/finschia/item-token-type/db8c702e/10000043,https://lbw-impro.line-apps.com/v1/daphne/token/db8c702e/1000004300000001
第3弾,ミリオンプレス,10000044,流浪アーサー,1230,1230,580,42,https://nft.line.me/search?isSale=ON&brandIds%5B0%5D=30&sort=PRICE_LOW&searchText=%E6%B5%81%E6%B5%AA%E3%82%A2%E3%83%BC%E3%82%B5%E3%83%BC&tab=marketplace,https://explorer.blockchain.line.me/finschia/item-token-type/db8c702e/10000044,https://lbw-impro.line-apps.com/v1/daphne/token/db8c702e/1000004400000001
第3弾,ミリオンプレス,10000045,シャビ,1230,1230,618,524,https://nft.line.me/search?isSale=ON&brandIds%5B0%5D=30&sort=PRICE_LOW&searchText=%E3%82%B7%E3%83%A3%E3%83%93&tab=marketplace,https://explorer.blockchain.line.me/finschia/item-token-type/db8c702e/10000045,https://lbw-impro.line-apps.com/v1/daphne/token/db8c702e/1000004500000001
第3弾,ミリオンプレス,10000046,ライオン,1230,1230,546,1064,https://nft.line.me/search?isSale=ON&brandIds%5B0%5D=30&sort=PRICE_LOW&searchText=%E3%83%A9%E3%82%A4%E3%82%AA%E3%83%B3&tab=marketplace,https://explorer.blockchain.line.me/finschia/item-token-type/db8c702e/10000046,https://lbw-impro.line-apps.com/v1/daphne/token/db8c702e/1000004600000001
第3弾,ミリオンプレス,10000047,スカアハ,1230,1230,605,45,https://nft.line.me/search?isSale=ON&sort=PRICE_LOW&searchText=%E3%82%B9%E3%82%AB%E3%82%A2%E3%83%8F&tab=marketplace,https://explorer.blockchain.line.me/finschia/item-token-type/db8c702e/10000047,https://lbw-impro.line-apps.com/v1/daphne/token/db8c702e/1000004700000001
第3弾,ミリオンプレス,10000048,ランスロット,1230,1230,563,22,https://nft.line.me/search?isSale=ON&brandIds%5B0%5D=30&sort=PRICE_LOW&searchText=%E3%83%A9%E3%83%B3%E3%82%B9%E3%83%AD%E3%83%83%E3%83%88&tab=marketplace,https://explorer.blockchain.line.me/finschia/item-token-type/db8c702e/10000048,https://lbw-impro.line-apps.com/v1/daphne/token/db8c702e/1000004800000001
第3弾,ミリオンプレス,10000049,メカウアサハ,1230,1230,566,550,https://nft.line.me/search?isSale=ON&brandIds%5B0%5D=30&sort=PRICE_LOW&searchText=%E3%83%A1%E3%82%AB%E3%82%A6%E3%82%A2%E3%82%B5%E3%83%8F&tab=marketplace,https://explorer.blockchain.line.me/finschia/item-token-type/db8c702e/10000049,https://lbw-impro.line-apps.com/v1/daphne/token/db8c702e/1000004900000001
第3弾,ミリオンプレス,1000004a,DJエル,3376,3376,802,1120,https://nft.line.me/search?isSale=ON&brandIds%5B0%5D=30&sort=PRICE_LOW&searchText=DJ%E3%82%A8%E3%83%AB&tab=marketplace,https://explorer.blockchain.line.me/finschia/item-token-type/db8c702e/1000004a,https://lbw-impro.line-apps.com/v1/daphne/token/db8c702e/1000004a00000001
第3弾,4コマ,1000004b,正論は人を傷つける①,1230,1230,570,507,https://nft.line.me/search?isSale=ON&brandIds%5B0%5D=30&sort=PRICE_LOW&searchText=%E6%AD%A3%E8%AB%96%E3%81%AF%E4%BA%BA%E3%82%92%E5%82%B7%E3%81%A4%E3%81%91%E3%82%8B%E2%91%A0&tab=marketplace,https://explorer.blockchain.line.me/finschia/item-token-type/db8c702e/1000004b,https://lbw-impro.line-apps.com/v1/daphne/token/db8c702e/1000004b00000001
第3弾,4コマ,1000004c,正論は人を傷つける②,1230,1230,541,4,https://nft.line.me/search?isSale=ON&brandIds%5B0%5D=30&sort=PRICE_LOW&searchText=%E6%AD%A3%E8%AB%96%E3%81%AF%E4%BA%BA%E3%82%92%E5%82%B7%E3%81%A4%E3%81%91%E3%82%8B%E2%91%A1&tab=marketplace,https://explorer.blockchain.line.me/finschia/item-token-type/db8c702e/1000004c,https://lbw-impro.line-apps.com/v1/daphne/token/db8c702e/1000004c00000001
第3弾,4コマ,1000004d,正論は人を傷つける③,1230,1230,543,504,https://nft.line.me/search?isSale=ON&brandIds%5B0%5D=30&sort=PRICE_LOW&searchText=%E6%AD%A3%E8%AB%96%E3%81%AF%E4%BA%BA%E3%82%92%E5%82%B7%E3%81%A4%E3%81%91%E3%82%8B%E2%91%A2&tab=marketplace,https://explorer.blockchain.line.me/finschia/item-token-type/db8c702e/1000004d,https://lbw-impro.line-apps.com/v1/daphne/token/db8c702e/1000004d00000001
第3弾,4コマ,1000004e,正論は人を傷つける④,1230,1230,610,517,https://nft.line.me/search?isSale=ON&brandIds%5B0%5D=30&sort=PRICE_LOW&searchText=%E6%AD%A3%E8%AB%96%E3%81%AF%E4%BA%BA%E3%82%92%E5%82%B7%E3%81%A4%E3%81%91%E3%82%8B%E2%91%A3&tab=marketplace,https://explorer.blockchain.line.me/finschia/item-token-type/db8c702e/1000004e,https://lbw-impro.line-apps.com/v1/daphne/token/db8c702e/1000004e00000001
第3弾,4コマ,1000004f,寿司仲間テクノロジー①,1230,1230,500,4,https://nft.line.me/search?isSale=ON&brandIds%5B0%5D=30&sort=PRICE_LOW&searchText=%E5%AF%BF%E5%8F%B8%E4%BB%B2%E9%96%93%E3%83%86%E3%82%AF%E3%83%8E%E3%83%AD%E3%82%B8%E3%83%BC%E2%91%A0&tab=marketplace,https://explorer.blockchain.line.me/finschia/item-token-type/db8c702e/1000004f,https://lbw-impro.line-apps.com/v1/daphne/token/db8c702e/1000004f00000001
第3弾,4コマ,10000050,寿司仲間テクノロジー②,1230,1230,491,505,https://nft.line.me/search?isSale=ON&brandIds%5B0%5D=30&sort=PRICE_LOW&searchText=%E5%AF%BF%E5%8F%B8%E4%BB%B2%E9%96%93%E3%83%86%E3%82%AF%E3%83%8E%E3%83%AD%E3%82%B8%E3%83%BC%E2%91%A1&tab=marketplace,https://explorer.blockchain.line.me/finschia/item-token-type/db8c702e/10000050,https://lbw-impro.line-apps.com/v1/daphne/token/db8c702e/1000005000000001
第3弾,4コマ,10000051,寿司仲間テクノロジー③,1230,1230,493,4,https://nft.line.me/search?isSale=ON&brandIds%5B0%5D=30&sort=PRICE_LOW&searchText=%E5%AF%BF%E5%8F%B8%E4%BB%B2%E9%96%93%E3%83%86%E3%82%AF%E3%83%8E%E3%83%AD%E3%82%B8%E3%83%BC%E2%91%A2&tab=marketplace,https://explorer.blockchain.line.me/finschia/item-token-type/db8c702e/10000051,https://lbw-impro.line-apps.com/v1/daphne/token/db8c702e/1000005100000001
第3弾,4コマ,10000052,寿司仲間テクノロジー④,1230,1230,484,11,https://nft.line.me/search?isSale=ON&brandIds%5B0%5D=30&sort=PRICE_LOW&searchText=%E5%AF%BF%E5%8F%B8%E4%BB%B2%E9%96%93%E3%83%86%E3%82%AF%E3%83%8E%E3%83%AD%E3%82%B8%E3%83%BC%E2%91%A3&tab=marketplace,https://explorer.blockchain.line.me/finschia/item-token-type/db8c702e/10000052,https://lbw-impro.line-apps.com/v1/daphne/token/db8c702e/1000005200000001
第3弾,4コマ,10000053,ニャニャニャいたずら①,1230,1230,497,10,https://nft.line.me/search?isSale=ON&brandIds%5B0%5D=30&sort=PRICE_LOW&searchText=%E3%83%8B%E3%83%A3%E3%83%8B%E3%83%A3%E3%83%8B%E3%83%A3%E3%81%84%E3%81%9F%E3%81%9A%E3%82%89%E2%91%A0&tab=marketplace,https://explorer.blockchain.line.me/finschia/item-token-type/db8c702e/10000053,https://lbw-impro.line-apps.com/v1/daphne/token/db8c702e/1000005300000001
第3弾,4コマ,10000054,ニャニャニャいたずら②,1230,1230,509,14,https://nft.line.me/search?isSale=ON&brandIds%5B0%5D=30&sort=PRICE_LOW&searchText=%E3%83%8B%E3%83%A3%E3%83%8B%E3%83%A3%E3%83%8B%E3%83%A3%E3%81%84%E3%81%9F%E3%81%9A%E3%82%89%E2%91%A1&tab=marketplace,https://explorer.blockchain.line.me/finschia/item-token-type/db8c702e/10000054,https://lbw-impro.line-apps.com/v1/daphne/token/db8c702e/1000005400000001
第3弾,4コマ,10000055,ニャニャニャいたずら③,1230,1230,502,14,https://nft.line.me/search?isSale=ON&brandIds%5B0%5D=30&sort=PRICE_LOW&searchText=%E3%83%8B%E3%83%A3%E3%83%8B%E3%83%A3%E3%83%8B%E3%83%A3%E3%81%84%E3%81%9F%E3%81%9A%E3%82%89%E2%91%A2&tab=marketplace,https://explorer.blockchain.line.me/finschia/item-token-type/db8c702e/10000055,https://lbw-impro.line-apps.com/v1/daphne/token/db8c702e/1000005500000001
第3弾,4コマ,10000056,ニャニャニャいたずら④,1230,1230,507,548,https://nft.line.me/search?isSale=ON&brandIds%5B0%5D=30&sort=PRICE_LOW&searchText=%E3%83%8B%E3%83%A3%E3%83%8B%E3%83%A3%E3%83%8B%E3%83%A3%E3%81%84%E3%81%9F%E3%81%9A%E3%82%89%E2%91%A3&tab=marketplace,https://explorer.blockchain.line.me/finschia/item-token-type/db8c702e/10000056,https://lbw-impro.line-apps.com/v1/daphne/token/db8c702e/1000005600000001
第3弾,4コマ,10000057,究極おまんじゅう①,1230,1230,508,61,https://nft.line.me/search?isSale=ON&brandIds%5B0%5D=30&sort=PRICE_LOW&searchText=%E7%A9%B6%E6%A5%B5%E3%81%8A%E3%81%BE%E3%82%93%E3%81%98%E3%82%85%E3%81%86%E2%91%A0&tab=marketplace,https://explorer.blockchain.line.me/finschia/item-token-type/db8c702e/10000057,https://lbw-impro.line-apps.com/v1/daphne/token/db8c702e/1000005700000001
第3弾,4コマ,10000058,究極おまんじゅう②,1230,1230,505,56,https://nft.line.me/search?isSale=ON&brandIds%5B0%5D=30&sort=PRICE_LOW&searchText=%E7%A9%B6%E6%A5%B5%E3%81%8A%E3%81%BE%E3%82%93%E3%81%98%E3%82%85%E3%81%86%E2%91%A1&tab=marketplace,https://explorer.blockchain.line.me/finschia/item-token-type/db8c702e/10000058,https://lbw-impro.line-apps.com/v1/daphne/token/db8c702e/1000005800000001
第3弾,4コマ,10000059,究極おまんじゅう③,1230,1230,475,23,https://nft.line.me/search?isSale=ON&brandIds%5B0%5D=30&sort=PRICE_LOW&searchText=%E7%A9%B6%E6%A5%B5%E3%81%8A%E3%81%BE%E3%82%93%E3%81%98%E3%82%85%E3%81%86%E2%91%A2&tab=marketplace,https://explorer.blockchain.line.me/finschia/item-token-type/db8c702e/10000059,https://lbw-impro.line-apps.com/v1/daphne/token/db8c702e/1000005900000001
第3弾,4コマ,1000005a,究極おまんじゅう④,1230,1230,491,73,https://nft.line.me/search?isSale=ON&brandIds%5B0%5D=30&sort=PRICE_LOW&searchText=%E7%A9%B6%E6%A5%B5%E3%81%8A%E3%81%BE%E3%82%93%E3%81%98%E3%82%85%E3%81%86%E2%91%A3&tab=marketplace,https://explorer.blockchain.line.me/finschia/item-token-type/db8c702e/1000005a,https://lbw-impro.line-apps.com/v1/daphne/token/db8c702e/1000005a00000001
第3弾,4コマ,1000005b,闇の組織スクエニ①,1230,1230,595,68,https://nft.line.me/search?isSale=ON&brandIds%5B0%5D=30&sort=PRICE_LOW&searchText=%E9%97%87%E3%81%AE%E7%B5%84%E7%B9%94%E3%82%B9%E3%82%AF%E3%82%A8%E3%83%8B%E2%91%A0&tab=marketplace,https://explorer.blockchain.line.me/finschia/item-token-type/db8c702e/1000005b,https://lbw-impro.line-apps.com/v1/daphne/token/db8c702e/1000005b00000001
第3弾,4コマ,1000005c,闇の組織スクエニ②,1230,1230,588,57,https://nft.line.me/search?isSale=ON&brandIds%5B0%5D=30&sort=PRICE_LOW&searchText=%E9%97%87%E3%81%AE%E7%B5%84%E7%B9%94%E3%82%B9%E3%82%AF%E3%82%A8%E3%83%8B%E2%91%A1&tab=marketplace,https://explorer.blockchain.line.me/finschia/item-token-type/db8c702e/1000005c,https://lbw-impro.line-apps.com/v1/daphne/token/db8c702e/1000005c00000001
第3弾,4コマ,1000005d,闇の組織スクエニ③,1230,1230,589,19,https://nft.line.me/search?isSale=ON&brandIds%5B0%5D=30&sort=PRICE_LOW&searchText=%E9%97%87%E3%81%AE%E7%B5%84%E7%B9%94%E3%82%B9%E3%82%AF%E3%82%A8%E3%83%8B%E2%91%A2&tab=marketplace,https://explorer.blockchain.line.me/finschia/item-token-type/db8c702e/1000005d,https://lbw-impro.line-apps.com/v1/daphne/token/db8c702e/1000005d00000001
第3弾,4コマ,1000005e,闇の組織スクエニ④,1230,1230,618,8,https://nft.line.me/search?isSale=ON&brandIds%5B0%5D=30&sort=PRICE_LOW&searchText=%E9%97%87%E3%81%AE%E7%B5%84%E7%B9%94%E3%82%B9%E3%82%AF%E3%82%A8%E3%83%8B%E2%91%A3&tab=marketplace,https://explorer.blockchain.line.me/finschia/item-token-type/db8c702e/1000005e,https://lbw-impro.line-apps.com/v1/daphne/token/db8c702e/1000005e00000001
第4弾,ミリオンプレス,1000005f,聖騎士 剣サー,1230,1230,374,23,https://nft.line.me/search?isSale=ON&brandIds%5B0%5D=30&sort=PRICE_LOW&searchText=%E8%81%96%E9%A8%8E%E5%A3%AB%20%E5%89%A3%E3%82%B5%E3%83%BC&tab=marketplace,https://explorer.blockchain.line.me/finschia/item-token-type/db8c702e/1000005f,https://lbw-impro.line-apps.com/v1/daphne/token/db8c702e/1000005f00000001
第4弾,ミリオンプレス,10000060,機械王 技ーサー,1230,1230,413,19,https://nft.line.me/search?currency=FNSA&isSale=ON&priceMin=0.25&priceMax=2&brandIds%5B0%5D=30&sort=PRICE_LOW&searchText=%E6%A9%9F%E6%A2%B0%E7%8E%8B%20%E6%8A%80%E3%83%BC%E3%82%B5%E3%83%BC&tab=marketplace,https://explorer.blockchain.line.me/finschia/item-token-type/db8c702e/10000060,https://lbw-impro.line-apps.com/v1/daphne/token/db8c702e/1000006000000001
第4弾,ミリオンプレス,10000061,星導士 魔ーサー,1230,1230,418,1055,https://nft.line.me/search?isSale=ON&brandIds%5B0%5D=30&sort=PRICE_LOW&searchText=%E6%98%9F%E5%B0%8E%E5%A3%AB%20%E9%AD%94%E3%83%BC%E3%82%B5%E3%83%BC&tab=marketplace,https://explorer.blockchain.line.me/finschia/item-token-type/db8c702e/10000061,https://lbw-impro.line-apps.com/v1/daphne/token/db8c702e/1000006100000001
第4弾,ミリオンプレス,10000062,エターナル・フレイム,1230,1230,406,529,https://nft.line.me/search?isSale=ON&brandIds%5B0%5D=30&sort=PRICE_LOW&searchText=%E3%82%A8%E3%82%BF%E3%83%BC%E3%83%8A%E3%83%AB%E3%83%BB%E3%83%95%E3%83%AC%E3%82%A4%E3%83%A0&tab=marketplace,https://explorer.blockchain.line.me/finschia/item-token-type/db8c702e/10000062,https://lbw-impro.line-apps.com/v1/daphne/token/db8c702e/1000006200000001
第4弾,ミリオンプレス,10000063,パルディッシュ,1230,1230,393,1015,https://nft.line.me/search?isSale=ON&brandIds%5B0%5D=30&sort=PRICE_LOW&searchText=%E3%83%91%E3%83%AB%E3%83%87%E3%82%A3%E3%83%83%E3%82%B7%E3%83%A5&tab=marketplace,https://explorer.blockchain.line.me/finschia/item-token-type/db8c702e/10000063,https://lbw-impro.line-apps.com/v1/daphne/token/db8c702e/1000006300000001
第4弾,ミリオンプレス,10000064,モルゴース,1230,1230,328,28,https://nft.line.me/search?isSale=ON&brandIds%5B0%5D=30&sort=PRICE_LOW&searchText=%E3%83%A2%E3%83%AB%E3%82%B4%E3%83%BC%E3%82%B9&tab=marketplace,https://explorer.blockchain.line.me/finschia/item-token-type/db8c702e/10000064,https://lbw-impro.line-apps.com/v1/daphne/token/db8c702e/1000006400000001
第4弾,ミリオンプレス,10000065,エレイン,1230,1230,326,1008,https://nft.line.me/search?tab=marketplace&searchText=%E3%82%A8%E3%83%AC%E3%82%A4%E3%83%B3&brandIds[0]=30&sort=RANDOM&isSale=ON,https://explorer.blockchain.line.me/finschia/item-token-type/db8c702e/10000065,https://lbw-impro.line-apps.com/v1/daphne/token/db8c702e/1000006500000001
第4弾,ミリオンプレス,10000066,モーガン,1230,1230,320,86,https://nft.line.me/search?isSale=ON&brandIds%5B0%5D=30&sort=PRICE_LOW&searchText=%E3%83%A2%E3%83%BC%E3%82%AC%E3%83%B3&tab=marketplace,https://explorer.blockchain.line.me/finschia/item-token-type/db8c702e/10000066,https://lbw-impro.line-apps.com/v1/daphne/token/db8c702e/1000006600000001
第4弾,ミリオンプレス,10000067,モードレッド,1230,1230,380,1021,https://nft.line.me/search?isSale=ON&brandIds%5B0%5D=30&sort=PRICE_LOW&searchText=%E3%83%A2%E3%83%BC%E3%83%89%E3%83%AC%E3%83%83%E3%83%89&tab=marketplace,https://explorer.blockchain.line.me/finschia/item-token-type/db8c702e/10000067,https://lbw-impro.line-apps.com/v1/daphne/token/db8c702e/1000006700000001
第4弾,ミリオンプレス,10000068,もったいないお化け,1230,1230,337,1306,https://nft.line.me/search?tab=marketplace&searchText=%E3%82%82%E3%81%A3%E3%81%9F%E3%81%84%E3%81%AA%E3%81%84%E3%81%8A%E5%8C%96%E3%81%91&brandIds[0]=30&sort=RANDOM&isSale=ON,https://explorer.blockchain.line.me/finschia/item-token-type/db8c702e/10000068,https://lbw-impro.line-apps.com/v1/daphne/token/db8c702e/1000006800000001
第4弾,ミリオンプレス,10000069,リトルグレイ,1609,1609,415,1614,https://nft.line.me/search?isSale=ON&brandIds%5B0%5D=30&sort=PRICE_LOW&searchText=%E3%83%AA%E3%83%88%E3%83%AB%E3%82%B0%E3%83%AC%E3%82%A4&tab=marketplace,https://explorer.blockchain.line.me/finschia/item-token-type/db8c702e/10000069,https://lbw-impro.line-apps.com/v1/daphne/token/db8c702e/1000006900000001
第4弾,4コマ,1000006a,お茶漬けミッドナイトサマー①,1230,1230,222,548,https://nft.line.me/search?isSale=ON&brandIds%5B0%5D=30&sort=PRICE_LOW&searchText=%E3%81%8A%E8%8C%B6%E6%BC%AC%E3%81%91%E3%83%9F%E3%83%83%E3%83%89%E3%83%8A%E3%82%A4%E3%83%88%E3%82%B5%E3%83%9E%E3%83%BC%E2%91%A0&tab=marketplace,https://explorer.blockchain.line.me/finschia/item-token-type/db8c702e/1000006a,https://lbw-impro.line-apps.com/v1/daphne/token/db8c702e/1000006a00000001
第4弾,4コマ,1000006b,お茶漬けミッドナイトサマー②,1230,1230,213,268,https://nft.line.me/search?isSale=ON&brandIds%5B0%5D=30&sort=PRICE_LOW&searchText=%E3%81%8A%E8%8C%B6%E6%BC%AC%E3%81%91%E3%83%9F%E3%83%83%E3%83%89%E3%83%8A%E3%82%A4%E3%83%88%E3%82%B5%E3%83%9E%E3%83%BC%E2%91%A1&tab=marketplace,https://explorer.blockchain.line.me/finschia/item-token-type/db8c702e/1000006b,https://lbw-impro.line-apps.com/v1/daphne/token/db8c702e/1000006b00000001
第4弾,4コマ,1000006c,お茶漬けミッドナイトサマー③,1230,1230,215,9,https://nft.line.me/search?isSale=ON&brandIds%5B0%5D=30&sort=PRICE_LOW&searchText=%E3%81%8A%E8%8C%B6%E6%BC%AC%E3%81%91%E3%83%9F%E3%83%83%E3%83%89%E3%83%8A%E3%82%A4%E3%83%88%E3%82%B5%E3%83%9E%E3%83%BC%E2%91%A2&tab=marketplace,https://explorer.blockchain.line.me/finschia/item-token-type/db8c702e/1000006c,https://lbw-impro.line-apps.com/v1/daphne/token/db8c702e/1000006c00000001
第4弾,4コマ,1000006d,お茶漬けミッドナイトサマー④,1230,1230,215,776,https://nft.line.me/search?isSale=ON&brandIds%5B0%5D=30&sort=PRICE_LOW&searchText=%E3%81%8A%E8%8C%B6%E6%BC%AC%E3%81%91%E3%83%9F%E3%83%83%E3%83%89%E3%83%8A%E3%82%A4%E3%83%88%E3%82%B5%E3%83%9E%E3%83%BC%E2%91%A3&tab=marketplace,https://explorer.blockchain.line.me/finschia/item-token-type/db8c702e/1000006d,https://lbw-impro.line-apps.com/v1/daphne/token/db8c702e/1000006d00000001
第4弾,4コマ,1000006e,かりそめロマンティック①,1230,1230,212,264,https://nft.line.me/search?isSale=ON&brandIds%5B0%5D=30&sort=PRICE_LOW&searchText=%E3%81%8B%E3%82%8A%E3%81%9D%E3%82%81%E3%83%AD%E3%83%9E%E3%83%B3%E3%83%86%E3%82%A3%E3%83%83%E3%82%AF%E2%91%A0&tab=marketplace,https://explorer.blockchain.line.me/finschia/item-token-type/db8c702e/1000006e,https://lbw-impro.line-apps.com/v1/daphne/token/db8c702e/1000006e00000001
第4弾,4コマ,1000006f,かりそめロマンティック②,1230,1230,209,261,https://nft.line.me/search?isSale=ON&brandIds%5B0%5D=30&sort=PRICE_LOW&searchText=%E3%81%8B%E3%82%8A%E3%81%9D%E3%82%81%E3%83%AD%E3%83%9E%E3%83%B3%E3%83%86%E3%82%A3%E3%83%83%E3%82%AF%E2%91%A1&tab=marketplace,https://explorer.blockchain.line.me/finschia/item-token-type/db8c702e/1000006f,https://lbw-impro.line-apps.com/v1/daphne/token/db8c702e/1000006f00000001
第4弾,4コマ,10000070,かりそめロマンティック③,1230,1230,208,511,https://nft.line.me/search?isSale=ON&brandIds%5B0%5D=30&sort=PRICE_LOW&searchText=%E3%81%8B%E3%82%8A%E3%81%9D%E3%82%81%E3%83%AD%E3%83%9E%E3%83%B3%E3%83%86%E3%82%A3%E3%83%83%E3%82%AF%E2%91%A2&tab=marketplace,https://explorer.blockchain.line.me/finschia/item-token-type/db8c702e/10000070,https://lbw-impro.line-apps.com/v1/daphne/token/db8c702e/1000007000000001
第4弾,4コマ,10000071,かりそめロマンティック④,1230,1230,210,11,https://nft.line.me/search?isSale=ON&brandIds%5B0%5D=30&sort=PRICE_LOW&searchText=%E3%81%8B%E3%82%8A%E3%81%9D%E3%82%81%E3%83%AD%E3%83%9E%E3%83%B3%E3%83%86%E3%82%A3%E3%83%83%E3%82%AF%E2%91%A3&tab=marketplace,https://explorer.blockchain.line.me/finschia/item-token-type/db8c702e/10000071,https://lbw-impro.line-apps.com/v1/daphne/token/db8c702e/1000007100000001
第4弾,フレーズ,10000072,NFT,1230,1230,285,53,https://nft.line.me/search?isSale=ON&brandIds%5B0%5D=30&sort=PRICE_LOW&searchText=NFT&tab=marketplace,https://explorer.blockchain.line.me/finschia/item-token-type/db8c702e/10000072,https://lbw-impro.line-apps.com/v1/daphne/token/db8c702e/1000007200000001
第4弾,フレーズ,10000073,ステーキング,1230,1230,206,17,https://nft.line.me/search?isSale=ON&brandIds%5B0%5D=30&sort=PRICE_LOW&searchText=%E3%82%B9%E3%83%86%E3%83%BC%E3%82%AD%E3%83%B3%E3%82%B0&tab=marketplace,https://explorer.blockchain.line.me/finschia/item-token-type/db8c702e/10000073,https://lbw-impro.line-apps.com/v1/daphne/token/db8c702e/1000007300000001
第4弾,フレーズ,10000074,クジラ,1230,1230,200,30,https://nft.line.me/search?isSale=ON&brandIds%5B0%5D=30&sort=PRICE_LOW&searchText=%E3%82%AF%E3%82%B8%E3%83%A9&tab=marketplace,https://explorer.blockchain.line.me/finschia/item-token-type/db8c702e/10000074,https://lbw-impro.line-apps.com/v1/daphne/token/db8c702e/1000007400000001
第4弾,フレーズ,10000075,NO FUD,1230,1230,193,495,https://nft.line.me/search?isSale=ON&brandIds%5B0%5D=30&sort=PRICE_LOW&searchText=NO%20FUD&tab=marketplace,https://explorer.blockchain.line.me/finschia/item-token-type/db8c702e/10000075,https://lbw-impro.line-apps.com/v1/daphne/token/db8c702e/1000007500000001
第4弾,フレーズ,10000076,MINT,1230,1230,199,259,https://nft.line.me/search?isSale=ON&brandIds%5B0%5D=30&sort=PRICE_LOW&searchText=MINT&tab=marketplace,https://explorer.blockchain.line.me/finschia/item-token-type/db8c702e/10000076,https://lbw-impro.line-apps.com/v1/daphne/token/db8c702e/1000007600000001
第4弾,フレーズ,10000077,BURN,1230,1230,204,18,https://nft.line.me/search?isSale=ON&brandIds%5B0%5D=30&sort=PRICE_LOW&searchText=BURN&tab=marketplace,https://explorer.blockchain.line.me/finschia/item-token-type/db8c702e/10000077,https://lbw-impro.line-apps.com/v1/daphne/token/db8c702e/1000007700000001
第4弾,フレーズ,10000078,To the Moon,1230,1230,201,36,https://nft.line.me/search?isSale=ON&brandIds%5B0%5D=30&sort=PRICE_LOW&searchText=To%20the%20Moon&tab=marketplace,https://explorer.blockchain.line.me/finschia/item-token-type/db8c702e/10000078,https://lbw-impro.line-apps.com/v1/daphne/token/db8c702e/1000007800000001
第4弾,フレーズ,10000079,時給いくら？,1230,1230,199,24,https://nft.line.me/search?isSale=ON&brandIds%5B0%5D=30&sort=PRICE_LOW&searchText=%E6%99%82%E7%B5%A6%E3%81%84%E3%81%8F%E3%82%89%EF%BC%9F&tab=marketplace,https://explorer.blockchain.line.me/finschia/item-token-type/db8c702e/10000079,https://lbw-impro.line-apps.com/v1/daphne/token/db8c702e/1000007900000001
第4弾,フレーズ,1000007a,HODL,1230,1230,189,256,https://nft.line.me/search?isSale=ON&brandIds%5B0%5D=30&sort=PRICE_LOW&searchText=HODL&tab=marketplace,https://explorer.blockchain.line.me/finschia/item-token-type/db8c702e/1000007a,https://lbw-impro.line-apps.com/v1/daphne/token/db8c702e/1000007a00000001
第4弾,フレーズ,1000007b,ノンファンジブル,1230,1230,205,19,https://nft.line.me/search?isSale=ON&brandIds%5B0%5D=30&sort=PRICE_LOW&searchText=%E3%83%8E%E3%83%B3%E3%83%95%E3%82%A1%E3%83%B3%E3%82%B8%E3%83%96%E3%83%AB&tab=marketplace,https://explorer.blockchain.line.me/finschia/item-token-type/db8c702e/1000007b,https://lbw-impro.line-apps.com/v1/daphne/token/db8c702e/1000007b00000001
第4弾,フレーズ,1000007c,億り人,1230,1230,314,468,https://nft.line.me/search?isSale=ON&brandIds%5B0%5D=30&sort=PRICE_LOW&searchText=%E5%84%84%E3%82%8A%E4%BA%BA&tab=marketplace,https://explorer.blockchain.line.me/finschia/item-token-type/db8c702e/1000007c,https://lbw-impro.line-apps.com/v1/daphne/token/db8c702e/1000007c00000001
第4弾,フレーズ,1000007d,Web3,1230,1230,196,299,https://nft.line.me/search?isSale=ON&brandIds%5B0%5D=30&sort=PRICE_LOW&searchText=Web3&tab=marketplace,https://explorer.blockchain.line.me/finschia/item-token-type/db8c702e/1000007d,https://lbw-impro.line-apps.com/v1/daphne/token/db8c702e/1000007d00000001
第4弾,フレーズ,1000007e,ウアサハ～2022年暑中見舞い～,1230,1230,482,568,https://nft.line.me/search?isSale=ON&brandIds%5B0%5D=30&sort=PRICE_LOW&searchText=%E3%82%A6%E3%82%A2%E3%82%B5%E3%83%8F%EF%BD%9E2022%E5%B9%B4%E6%9A%91%E4%B8%AD%E8%A6%8B%E8%88%9E%E3%81%84%EF%BD%9E&tab=marketplace,https://explorer.blockchain.line.me/finschia/item-token-type/db8c702e/1000007e,https://lbw-impro.line-apps.com/v1/daphne/token/db8c702e/1000007e00000001
第4弾,フレーズ,1000007f,大納言エル～2022年暑中見舞い～,630,630,310,37,https://nft.line.me/search?isSale=ON&brandIds%5B0%5D=30&sort=PRICE_LOW&searchText=%E5%A4%A7%E7%B4%8D%E8%A8%80%E3%82%A8%E3%83%AB%EF%BD%9E2022%E5%B9%B4%E6%9A%91%E4%B8%AD%E8%A6%8B%E8%88%9E%E3%81%84%EF%BD%9E&tab=marketplace,https://explorer.blockchain.line.me/finschia/item-token-type/db8c702e/1000007f,https://lbw-impro.line-apps.com/v1/daphne/token/db8c702e/1000007f00000001
ブリ10,メモリアル,10000080,アニバーサリーアーサー魔法の派,210,210,127,37,https://nft.line.me/search?isSale=ON&sort=PRICE_LOW&searchText=%E3%82%A2%E3%83%8B%E3%83%90%E3%83%BC%E3%82%B5%E3%83%AA%E3%83%BC%E3%82%A2%E3%83%BC%E3%82%B5%E3%83%BC%E9%AD%94%E6%B3%95%E3%81%AE%E6%B4%BE&tab=marketplace,https://explorer.blockchain.line.me/finschia/item-token-type/db8c702e/10000080,https://lbw-impro.line-apps.com/v1/daphne/token/db8c702e/1000008000000001
ブリ10,メモリアル,10000081,アニバーサリースカアハ,210,210,133,196,https://nft.line.me/search?searchText=%E3%82%A2%E3%83%8B%E3%83%90%E3%83%BC%E3%82%B5%E3%83%AA%E3%83%BC%E3%82%B9%E3%82%AB%E3%82%A2%E3%83%8F&tab=marketplace,https://explorer.blockchain.line.me/finschia/item-token-type/db8c702e/10000081,https://lbw-impro.line-apps.com/v1/daphne/token/db8c702e/1000008100000001
ブリ10,メモリアル,10000082,アニバーサリーエニード,210,210,120,57,https://nft.line.me/search?searchText=%E3%82%A2%E3%83%8B%E3%83%90%E3%83%BC%E3%82%B5%E3%83%AA%E3%83%BC%E3%82%A8%E3%83%8B%E3%83%BC%E3%83%89&tab=marketplace,https://explorer.blockchain.line.me/finschia/item-token-type/db8c702e/10000082,https://lbw-impro.line-apps.com/v1/daphne/token/db8c702e/1000008200000001
ブリ10,メモリアル,10000083,アニバーサリーファルサリア,210,210,127,54,https://nft.line.me/search?isSale=ON&brandIds%5B0%5D=30&sort=PRICE_LOW&searchText=%E3%82%A2%E3%83%8B%E3%83%90%E3%83%BC%E3%82%B5%E3%83%AA%E3%83%BC%E3%83%95%E3%82%A1%E3%83%AB%E3%82%B5%E3%83%AA%E3%82%A2&tab=marketplace,https://explorer.blockchain.line.me/finschia/item-token-type/db8c702e/10000083,https://lbw-impro.line-apps.com/v1/daphne/token/db8c702e/1000008300000001
ブリ10,メモリアル,10000084,アニバーサリードモヴォーイ,210,210,134,56,https://nft.line.me/search?isSale=ON&brandIds%5B0%5D=30&sort=PRICE_LOW&searchText=%E3%82%A2%E3%83%8B%E3%83%90%E3%83%BC%E3%82%B5%E3%83%AA%E3%83%BC%E3%83%89%E3%83%A2%E3%83%B4%E3%82%A9%E3%83%BC%E3%82%A4&tab=marketplace,https://explorer.blockchain.line.me/finschia/item-token-type/db8c702e/10000084,https://lbw-impro.line-apps.com/v1/daphne/token/db8c702e/1000008400000001
ブリ10,メモリアル,10000085,アニバーサリー傭兵アーサー,210,210,128,71,https://nft.line.me/search?isSale=ON&brandIds%5B0%5D=30&sort=PRICE_LOW&searchText=%E3%82%A2%E3%83%8B%E3%83%90%E3%83%BC%E3%82%B5%E3%83%AA%E3%83%BC%E5%82%AD%E5%85%B5%E3%82%A2%E3%83%BC%E3%82%B5%E3%83%BC&tab=marketplace,https://explorer.blockchain.line.me/finschia/item-token-type/db8c702e/10000085,https://lbw-impro.line-apps.com/v1/daphne/token/db8c702e/1000008500000001
ブリ10,メモリアル,10000086,アニバーサリー盗賊アーサー,210,210,124,31,https://nft.line.me/search?isSale=ON&brandIds%5B0%5D=30&sort=PRICE_LOW&searchText=%E3%82%A2%E3%83%8B%E3%83%90%E3%83%BC%E3%82%B5%E3%83%AA%E3%83%BC%E7%9B%97%E8%B3%8A%E3%82%A2%E3%83%BC%E3%82%B5%E3%83%BC&tab=marketplace,https://explorer.blockchain.line.me/finschia/item-token-type/db8c702e/10000086,https://lbw-impro.line-apps.com/v1/daphne/token/db8c702e/1000008600000001
ブリ10,メモリアル,10000087,アニバーサリー団長アーサー,210,210,119,61,https://nft.line.me/search?isSale=ON&brandIds%5B0%5D=30&sort=PRICE_LOW&searchText=%E3%82%A2%E3%83%8B%E3%83%90%E3%83%BC%E3%82%B5%E3%83%AA%E3%83%BC%E5%9B%A3%E9%95%B7%E3%82%A2%E3%83%BC%E3%82%B5%E3%83%BC&tab=marketplace,https://explorer.blockchain.line.me/finschia/item-token-type/db8c702e/10000087,https://lbw-impro.line-apps.com/v1/daphne/token/db8c702e/1000008700000001
ブリ10,メモリアル,10000088,アニバーサリーモードレッド（交響）,210,210,117,50,https://nft.line.me/search?isSale=ON&brandIds%5B0%5D=30&sort=PRICE_LOW&searchText=%E3%82%A2%E3%83%8B%E3%83%90%E3%83%BC%E3%82%B5%E3%83%AA%E3%83%BC%E3%83%A2%E3%83%BC%E3%83%89%E3%83%AC%E3%83%83%E3%83%89%EF%BC%88%E4%BA%A4%E9%9F%BF%EF%BC%89&tab=marketplace,https://explorer.blockchain.line.me/finschia/item-token-type/db8c702e/10000088,https://lbw-impro.line-apps.com/v1/daphne/token/db8c702e/1000008800000001
ブリ10,メモリアル,10000089,アニバーサリー二刀アーサー,210,210,122,63,https://nft.line.me/search?isSale=ON&brandIds%5B0%5D=30&sort=PRICE_LOW&searchText=%E3%82%A2%E3%83%8B%E3%83%90%E3%83%BC%E3%82%B5%E3%83%AA%E3%83%BC%E4%BA%8C%E5%88%80%E3%82%A2%E3%83%BC%E3%82%B5%E3%83%BC&tab=marketplace,https://explorer.blockchain.line.me/finschia/item-token-type/db8c702e/10000089,https://lbw-impro.line-apps.com/v1/daphne/token/db8c702e/1000008900000001
ブリ10,メモリアル,1000008a,アニバーサリーエルｘアーサー魔法の派,210,210,122,61,https://nft.line.me/search?tab=marketplace&searchText=%E3%82%A2%E3%83%8B%E3%83%90%E3%83%BC%E3%82%B5%E3%83%AA%E3%83%BC%E3%82%A8%E3%83%AB%EF%BD%98%E3%82%A2%E3%83%BC%E3%82%B5%E3%83%BC%E9%AD%94%E6%B3%95%E3%81%AE%E6%B4%BE&brandIds[0]=30&sort=RANDOM&isSale=ON,https://explorer.blockchain.line.me/finschia/item-token-type/db8c702e/1000008a,https://lbw-impro.line-apps.com/v1/daphne/token/db8c702e/1000008a00000001
ブリ10,メモリアル,1000008b,金のスーパーエル,242,242,101,164,https://nft.line.me/search?isSale=ON&sort=PRICE_LOW&searchText=%E9%87%91%E3%81%AE%E3%82%B9%E3%83%BC%E3%83%91%E3%83%BC%E3%82%A8%E3%83%AB&tab=marketplace,https://explorer.blockchain.line.me/finschia/item-token-type/db8c702e/1000008b,https://lbw-impro.line-apps.com/v1/daphne/token/db8c702e/1000008b00000001
第5弾,ミリオンプレス,1000008c,閣下アーサー,1230,1230,287,508,https://nft.line.me/search?isSale=ON&brandIds%5B0%5D=30&sort=PRICE_LOW&searchText=%E9%96%A3%E4%B8%8B%E3%82%A2%E3%83%BC%E3%82%B5%E3%83%BC&tab=marketplace,https://explorer.blockchain.line.me/finschia/item-token-type/db8c702e/1000008c,https://lbw-impro.line-apps.com/v1/daphne/token/db8c702e/1000008c00000001
第5弾,ミリオンプレス,1000008d,ローエングリン・竜騎,1230,1230,297,29,https://nft.line.me/search?isSale=ON&brandIds%5B0%5D=30&sort=PRICE_LOW&searchText=%E3%83%AD%E3%83%BC%E3%82%A8%E3%83%B3%E3%82%B0%E3%83%AA%E3%83%B3%E3%83%BB%E7%AB%9C%E9%A8%8E&tab=marketplace,https://explorer.blockchain.line.me/finschia/item-token-type/db8c702e/1000008d,https://lbw-impro.line-apps.com/v1/daphne/token/db8c702e/1000008d00000001
第5弾,ミリオンプレス,1000008e,コンスタンティン,1230,1230,300,24,https://nft.line.me/search?isSale=ON&brandIds%5B0%5D=30&sort=PRICE_LOW&searchText=%E3%82%B3%E3%83%B3%E3%82%B9%E3%82%BF%E3%83%B3%E3%83%86%E3%82%A3%E3%83%B3&tab=marketplace,https://explorer.blockchain.line.me/finschia/item-token-type/db8c702e/1000008e,https://lbw-impro.line-apps.com/v1/daphne/token/db8c702e/1000008e00000001
第5弾,ミリオンプレス,1000008f,ブリギッテ,1230,1230,290,520,https://nft.line.me/search?isSale=ON&brandIds%5B0%5D=30&sort=PRICE_LOW&searchText=%E3%83%96%E3%83%AA%E3%82%AE%E3%83%83%E3%83%86&tab=marketplace,https://explorer.blockchain.line.me/finschia/item-token-type/db8c702e/1000008f,https://lbw-impro.line-apps.com/v1/daphne/token/db8c702e/1000008f00000001
第5弾,ミリオンプレス,10000090,メイヴ,1230,1230,253,25,https://nft.line.me/search?isSale=ON&brandIds%5B0%5D=30&sort=PRICE_LOW&searchText=%E3%83%A1%E3%82%A4%E3%83%B4&tab=marketplace,https://explorer.blockchain.line.me/finschia/item-token-type/db8c702e/10000090,https://lbw-impro.line-apps.com/v1/daphne/token/db8c702e/1000009000000001
第5弾,ミリオンプレス,10000091,カラティン,1230,1230,201,12,https://nft.line.me/search?isSale=ON&brandIds%5B0%5D=30&sort=PRICE_LOW&searchText=%E3%82%AB%E3%83%A9%E3%83%86%E3%82%A3%E3%83%B3&tab=marketplace,https://explorer.blockchain.line.me/finschia/item-token-type/db8c702e/10000091,https://lbw-impro.line-apps.com/v1/daphne/token/db8c702e/1000009100000001
第5弾,ミリオンプレス,10000092,フェデルマ,1230,1230,249,417,https://nft.line.me/search?tab=marketplace&searchText=%E3%83%95%E3%82%A7%E3%83%87%E3%83%AB%E3%83%9E&brandIds[0]=30&sort=RANDOM&isSale=ON,https://explorer.blockchain.line.me/finschia/item-token-type/db8c702e/10000092,https://lbw-impro.line-apps.com/v1/daphne/token/db8c702e/1000009200000001
第5弾,ミリオンプレス,10000093,ケロリ,1230,1230,249,1157,https://nft.line.me/search?isSale=ON&brandIds%5B0%5D=30&sort=PRICE_LOW&searchText=%E3%82%B1%E3%83%AD%E3%83%AA&tab=marketplace,https://explorer.blockchain.line.me/finschia/item-token-type/db8c702e/10000093,https://lbw-impro.line-apps.com/v1/daphne/token/db8c702e/1000009300000001
第5弾,ミリオンプレス,10000094,オルトリート,1230,1230,257,18,https://nft.line.me/search?isSale=ON&brandIds%5B0%5D=30&sort=PRICE_LOW&searchText=%E3%82%AA%E3%83%AB%E3%83%88%E3%83%AA%E3%83%BC%E3%83%88&tab=marketplace,https://explorer.blockchain.line.me/finschia/item-token-type/db8c702e/10000094,https://lbw-impro.line-apps.com/v1/daphne/token/db8c702e/1000009400000001
第5弾,ミリオンプレス,10000095,デンテンス,1230,1230,214,692,https://nft.line.me/search?isSale=ON&brandIds%5B0%5D=30&sort=PRICE_LOW&searchText=%E3%83%87%E3%83%B3%E3%83%86%E3%83%B3%E3%82%B9&tab=marketplace,https://explorer.blockchain.line.me/finschia/item-token-type/db8c702e/10000095,https://lbw-impro.line-apps.com/v1/daphne/token/db8c702e/1000009500000001
第5弾,ミリオンプレス,10000096,妖精合体★閣下アーサー,1291,1291,315,585,https://nft.line.me/search?isSale=ON&brandIds%5B0%5D=30&sort=PRICE_LOW&searchText=%E5%A6%96%E7%B2%BE%E5%90%88%E4%BD%93%E2%98%85%E9%96%A3%E4%B8%8B%E3%82%A2%E3%83%BC%E3%82%B5%E3%83%BC&tab=marketplace,https://explorer.blockchain.line.me/finschia/item-token-type/db8c702e/10000096,https://lbw-impro.line-apps.com/v1/daphne/token/db8c702e/1000009600000001
第5弾,フレーズ,10000097,Blockchain,1230,1230,166,211,https://nft.line.me/search?isSale=ON&brandIds%5B0%5D=30&sort=PRICE_LOW&searchText=Blockchain&tab=marketplace,https://explorer.blockchain.line.me/finschia/item-token-type/db8c702e/10000097,https://lbw-impro.line-apps.com/v1/daphne/token/db8c702e/1000009700000001
第5弾,フレーズ,10000098,シーフードフレーズ,1230,1230,151,376,https://nft.line.me/search?isSale=ON&brandIds%5B0%5D=30&sort=PRICE_LOW&searchText=%E3%82%B7%E3%83%BC%E3%83%95%E3%83%BC%E3%83%89%E3%83%95%E3%83%AC%E3%83%BC%E3%82%BA&tab=marketplace,https://explorer.blockchain.line.me/finschia/item-token-type/db8c702e/10000098,https://lbw-impro.line-apps.com/v1/daphne/token/db8c702e/1000009800000001
第5弾,フレーズ,10000099,エアドロップ,1230,1230,159,395,https://nft.line.me/search?isSale=ON&brandIds%5B0%5D=30&sort=PRICE_LOW&searchText=%E3%82%A8%E3%82%A2%E3%83%89%E3%83%AD%E3%83%83%E3%83%97&tab=marketplace,https://explorer.blockchain.line.me/finschia/item-token-type/db8c702e/10000099,https://lbw-impro.line-apps.com/v1/daphne/token/db8c702e/1000009900000001
第5弾,フレーズ,1000009a,草コイン,1230,1230,164,208,https://nft.line.me/search?isSale=ON&brandIds%5B0%5D=30&sort=PRICE_LOW&searchText=%E8%8D%89%E3%82%B3%E3%82%A4%E3%83%B3&tab=marketplace,https://explorer.blockchain.line.me/finschia/item-token-type/db8c702e/1000009a,https://lbw-impro.line-apps.com/v1/daphne/token/db8c702e/1000009a00000001
第5弾,フレーズ,1000009b,マイニング,1230,1230,158,1,https://nft.line.me/search?isSale=ON&brandIds%5B0%5D=30&sort=PRICE_LOW&searchText=%E3%83%9E%E3%82%A4%E3%83%8B%E3%83%B3%E3%82%B0&tab=marketplace,https://explorer.blockchain.line.me/finschia/item-token-type/db8c702e/1000009b,https://lbw-impro.line-apps.com/v1/daphne/token/db8c702e/1000009b00000001
第5弾,フレーズ,1000009c,ボラ！！ボラ！！ボラぁ！！,1230,1230,152,373,https://nft.line.me/search?isSale=ON&brandIds%5B0%5D=30&sort=PRICE_LOW&searchText=%E3%83%9C%E3%83%A9%EF%BC%81%EF%BC%81%E3%83%9C%E3%83%A9%EF%BC%81%EF%BC%81%E3%83%9C%E3%83%A9%E3%81%81%EF%BC%81%EF%BC%81&tab=marketplace,https://explorer.blockchain.line.me/finschia/item-token-type/db8c702e/1000009c,https://lbw-impro.line-apps.com/v1/daphne/token/db8c702e/1000009c00000001
第5弾,フレーズ,1000009d,オンチェーンに記録しまーす♪,1230,1230,149,192,https://nft.line.me/search?isSale=ON&brandIds%5B0%5D=30&sort=PRICE_LOW&searchText=%E3%82%AA%E3%83%B3%E3%83%81%E3%82%A7%E3%83%BC%E3%83%B3%E3%81%AB%E8%A8%98%E9%8C%B2%E3%81%97%E3%81%BE%E3%83%BC%E3%81%99%E2%99%AA&tab=marketplace,https://explorer.blockchain.line.me/finschia/item-token-type/db8c702e/1000009d,https://lbw-impro.line-apps.com/v1/daphne/token/db8c702e/1000009d00000001
第5弾,フレーズ,1000009e,ガス代を積め,1230,1230,152,3,https://nft.line.me/search?isSale=ON&brandIds%5B0%5D=30&sort=PRICE_LOW&searchText=%E3%82%AC%E3%82%B9%E4%BB%A3%E3%82%92%E7%A9%8D%E3%82%81&tab=marketplace,https://explorer.blockchain.line.me/finschia/item-token-type/db8c702e/1000009e,https://lbw-impro.line-apps.com/v1/daphne/token/db8c702e/1000009e00000001
第5弾,フレーズ,1000009f,ハードフォーク,1230,1230,154,198,https://nft.line.me/search?isSale=ON&brandIds%5B0%5D=30&sort=PRICE_LOW&searchText=%E3%83%8F%E3%83%BC%E3%83%89%E3%83%95%E3%82%A9%E3%83%BC%E3%82%AF&tab=marketplace,https://explorer.blockchain.line.me/finschia/item-token-type/db8c702e/1000009f,https://lbw-impro.line-apps.com/v1/daphne/token/db8c702e/1000009f00000001
第5弾,フレーズ,100000a0,ホワイトペーパー,1230,1230,166,15,https://nft.line.me/search?isSale=ON&brandIds%5B0%5D=30&sort=PRICE_LOW&searchText=%E3%83%9B%E3%83%AF%E3%82%A4%E3%83%88%E3%83%9A%E3%83%BC%E3%83%91%E3%83%BC&tab=marketplace,https://explorer.blockchain.line.me/finschia/item-token-type/db8c702e/100000a0,https://lbw-impro.line-apps.com/v1/daphne/token/db8c702e/100000a000000001
第5弾,フレーズ,100000a1,おはぎゃー,1230,1230,162,207,https://nft.line.me/search?isSale=ON&brandIds%5B0%5D=30&sort=PRICE_LOW&searchText=%E3%81%8A%E3%81%AF%E3%81%8E%E3%82%83%E3%83%BC&tab=marketplace,https://explorer.blockchain.line.me/finschia/item-token-type/db8c702e/100000a1,https://lbw-impro.line-apps.com/v1/daphne/token/db8c702e/100000a100000001
第5弾,フレーズ,100000a2,魔界...,1230,1230,154,9,https://nft.line.me/search?isSale=ON&brandIds%5B0%5D=30&sort=PRICE_LOW&searchText=%E9%AD%94%E7%95%8C...&tab=marketplace,https://explorer.blockchain.line.me/finschia/item-token-type/db8c702e/100000a2,https://lbw-impro.line-apps.com/v1/daphne/token/db8c702e/100000a200000001
第5弾,4コマ,100000a3,この出会いに乾杯①,1230,1230,188,256,https://nft.line.me/search?isSale=ON&brandIds%5B0%5D=30&sort=PRICE_LOW&searchText=%E3%81%93%E3%81%AE%E5%87%BA%E4%BC%9A%E3%81%84%E3%81%AB%E4%B9%BE%E6%9D%AF%E2%91%A0&tab=marketplace,https://explorer.blockchain.line.me/finschia/item-token-type/db8c702e/100000a3,https://lbw-impro.line-apps.com/v1/daphne/token/db8c702e/100000a300000001
第5弾,4コマ,100000a4,この出会いに乾杯②,1230,1230,185,24,https://nft.line.me/search?isSale=ON&brandIds%5B0%5D=30&sort=PRICE_LOW&searchText=%E3%81%93%E3%81%AE%E5%87%BA%E4%BC%9A%E3%81%84%E3%81%AB%E4%B9%BE%E6%9D%AF%E2%91%A1&tab=marketplace,https://explorer.blockchain.line.me/finschia/item-token-type/db8c702e/100000a4,https://lbw-impro.line-apps.com/v1/daphne/token/db8c702e/100000a400000001
第5弾,4コマ,100000a5,この出会いに乾杯③,1230,1230,185,369,https://nft.line.me/search?isSale=ON&brandIds%5B0%5D=30&sort=PRICE_LOW&searchText=%E3%81%93%E3%81%AE%E5%87%BA%E4%BC%9A%E3%81%84%E3%81%AB%E4%B9%BE%E6%9D%AF%E2%91%A2&tab=marketplace,https://explorer.blockchain.line.me/finschia/item-token-type/db8c702e/100000a5,https://lbw-impro.line-apps.com/v1/daphne/token/db8c702e/100000a500000001
第5弾,4コマ,100000a6,この出会いに乾杯④,1230,1230,183,263,https://nft.line.me/search?isSale=ON&brandIds%5B0%5D=30&sort=PRICE_LOW&searchText=%E3%81%93%E3%81%AE%E5%87%BA%E4%BC%9A%E3%81%84%E3%81%AB%E4%B9%BE%E6%9D%AF%E2%91%A3&tab=marketplace,https://explorer.blockchain.line.me/finschia/item-token-type/db8c702e/100000a6,https://lbw-impro.line-apps.com/v1/daphne/token/db8c702e/100000a600000001
第5弾,4コマ,100000a7,昭和ケロリン物語①,1230,1230,170,10,https://nft.line.me/search?isSale=ON&brandIds%5B0%5D=30&sort=PRICE_LOW&searchText=%E6%98%AD%E5%92%8C%E3%82%B1%E3%83%AD%E3%83%AA%E3%83%B3%E7%89%A9%E8%AA%9E%E2%91%A0&tab=marketplace,https://explorer.blockchain.line.me/finschia/item-token-type/db8c702e/100000a7,https://lbw-impro.line-apps.com/v1/daphne/token/db8c702e/100000a700000001
第5弾,4コマ,100000a8,昭和ケロリン物語②,1230,1230,169,433,https://nft.line.me/search?isSale=ON&brandIds%5B0%5D=30&sort=PRICE_LOW&searchText=%E6%98%AD%E5%92%8C%E3%82%B1%E3%83%AD%E3%83%AA%E3%83%B3%E7%89%A9%E8%AA%9E%E2%91%A1&tab=marketplace,https://explorer.blockchain.line.me/finschia/item-token-type/db8c702e/100000a8,https://lbw-impro.line-apps.com/v1/daphne/token/db8c702e/100000a800000001
第5弾,4コマ,100000a9,昭和ケロリン物語③,1230,1230,167,11,https://nft.line.me/search?isSale=ON&brandIds%5B0%5D=30&sort=PRICE_LOW&searchText=%E6%98%AD%E5%92%8C%E3%82%B1%E3%83%AD%E3%83%AA%E3%83%B3%E7%89%A9%E8%AA%9E%E2%91%A2&tab=marketplace,https://explorer.blockchain.line.me/finschia/item-token-type/db8c702e/100000a9,https://lbw-impro.line-apps.com/v1/daphne/token/db8c702e/100000a900000001
第5弾,4コマ,100000aa,昭和ケロリン物語④,1230,1230,167,11,https://nft.line.me/search?isSale=ON&brandIds%5B0%5D=30&sort=PRICE_LOW&searchText=%E6%98%AD%E5%92%8C%E3%82%B1%E3%83%AD%E3%83%AA%E3%83%B3%E7%89%A9%E8%AA%9E%E2%91%A3&tab=marketplace,https://explorer.blockchain.line.me/finschia/item-token-type/db8c702e/100000aa,https://lbw-impro.line-apps.com/v1/daphne/token/db8c702e/100000aa00000001
-,その他,100000ab,テストエル,3030,3030,927,508,2次流通なし,https://explorer.blockchain.line.me/finschia/item-token-type/db8c702e/100000ab,https://lbw-impro.line-apps.com/v1/daphne/token/db8c702e/100000ab00000001
資産性みくじ2023,その他,100000ac,商売繁盛エル,630,630,256,3,https://nft.line.me/search?isSale=ON&brandIds%5B0%5D=30&sort=PRICE_LOW&searchText=%E5%95%86%E5%A3%B2%E7%B9%81%E7%9B%9B%E3%82%A8%E3%83%AB&tab=marketplace,https://explorer.blockchain.line.me/finschia/item-token-type/db8c702e/100000ac,https://lbw-impro.line-apps.com/v1/daphne/token/db8c702e/100000ac00000001
資産性みくじ2023,その他,100000ad,家内安全ウアサハ,630,630,286,811,https://nft.line.me/search?isSale=ON&brandIds%5B0%5D=30&sort=PRICE_LOW&searchText=%E5%AE%B6%E5%86%85%E5%AE%89%E5%85%A8%E3%82%A6%E3%82%A2%E3%82%B5%E3%83%8F&tab=marketplace,https://explorer.blockchain.line.me/finschia/item-token-type/db8c702e/100000ad,https://lbw-impro.line-apps.com/v1/daphne/token/db8c702e/100000ad00000001
資産性みくじ2023,その他,100000ae,心願成就ガウェイン,630,630,282,507,https://nft.line.me/search?isSale=ON&brandIds%5B0%5D=30&sort=PRICE_LOW&searchText=%E5%BF%83%E9%A1%98%E6%88%90%E5%B0%B1%E3%82%AC%E3%82%A6%E3%82%A7%E3%82%A4%E3%83%B3&tab=marketplace,https://explorer.blockchain.line.me/finschia/item-token-type/db8c702e/100000ae,https://lbw-impro.line-apps.com/v1/daphne/token/db8c702e/100000ae00000001
資産性みくじ2023,その他,100000af,除災招福盗賊アーサー,630,630,279,10,https://nft.line.me/search?isSale=ON&brandIds%5B0%5D=30&sort=PRICE_LOW&searchText=%E9%99%A4%E7%81%BD%E6%8B%9B%E7%A6%8F%E7%9B%97%E8%B3%8A%E3%82%A2%E3%83%BC%E3%82%B5%E3%83%BC&tab=marketplace,https://explorer.blockchain.line.me/finschia/item-token-type/db8c702e/100000af,https://lbw-impro.line-apps.com/v1/daphne/token/db8c702e/100000af00000001
資産性みくじ2023,その他,100000b0,病気平癒魔ーサー,630,630,302,271,https://nft.line.me/search?isSale=ON&brandIds%5B0%5D=30&sort=PRICE_LOW&searchText=%E7%97%85%E6%B0%97%E5%B9%B3%E7%99%92%E9%AD%94%E3%83%BC%E3%82%B5%E3%83%BC&tab=marketplace,https://explorer.blockchain.line.me/finschia/item-token-type/db8c702e/100000b0,https://lbw-impro.line-apps.com/v1/daphne/token/db8c702e/100000b000000001
第6弾,ミリオンプレス,100000b1,山猫アーサー,1230,1230,756,34,https://nft.line.me/search?isSale=ON&brandIds%5B0%5D=30&sort=PRICE_LOW&searchText=%E5%B1%B1%E7%8C%AB%E3%82%A2%E3%83%BC%E3%82%B5%E3%83%BC&tab=marketplace,https://explorer.blockchain.line.me/finschia/item-token-type/db8c702e/100000b1,https://lbw-impro.line-apps.com/v1/daphne/token/db8c702e/100000b100000001
第6弾,ミリオンプレス,100000b2,月の姫 輝夜,1230,1230,813,43,https://nft.line.me/search?isSale=ON&brandIds%5B0%5D=30&sort=PRICE_LOW&searchText=%E6%9C%88%E3%81%AE%E5%A7%AB%20%E8%BC%9D%E5%A4%9C&tab=marketplace,https://explorer.blockchain.line.me/finschia/item-token-type/db8c702e/100000b2,https://lbw-impro.line-apps.com/v1/daphne/token/db8c702e/100000b200000001
第6弾,ミリオンプレス,100000b3,レプゼン,1230,1230,765,33,https://nft.line.me/search?isSale=ON&sort=PRICE_LOW&searchText=%E3%83%AC%E3%83%97%E3%82%BC%E3%83%B3&tab=marketplace,https://explorer.blockchain.line.me/finschia/item-token-type/db8c702e/100000b3,https://lbw-impro.line-apps.com/v1/daphne/token/db8c702e/100000b300000001
第6弾,ミリオンプレス,100000b4,ロット王,1230,1230,460,47,https://nft.line.me/search?isSale=ON&brandIds%5B0%5D=30&sort=PRICE_LOW&searchText=%E3%83%AD%E3%83%83%E3%83%88%E7%8E%8B&tab=marketplace,https://explorer.blockchain.line.me/finschia/item-token-type/db8c702e/100000b4,https://lbw-impro.line-apps.com/v1/daphne/token/db8c702e/100000b400000001
第6弾,ミリオンプレス,100000b5,ユリエンス王,1230,1230,571,60,https://nft.line.me/search?isSale=ON&brandIds%5B0%5D=30&sort=PRICE_LOW&searchText=%E3%83%A6%E3%83%AA%E3%82%A8%E3%83%B3%E3%82%B9%E7%8E%8B&tab=marketplace,https://explorer.blockchain.line.me/finschia/item-token-type/db8c702e/100000b5,https://lbw-impro.line-apps.com/v1/daphne/token/db8c702e/100000b500000001
第6弾,ミリオンプレス,100000b6,ペリドッド,1230,1230,790,1035,https://nft.line.me/search?isSale=ON&sort=PRICE_LOW&searchText=%E3%83%9A%E3%83%AA%E3%83%89%E3%83%83%E3%83%89&tab=marketplace,https://explorer.blockchain.line.me/finschia/item-token-type/db8c702e/100000b6,https://lbw-impro.line-apps.com/v1/daphne/token/db8c702e/100000b600000001
第6弾,ミリオンプレス,100000b7,アグラヴェイン,1230,1230,810,29,https://nft.line.me/search?isSale=ON&brandIds%5B0%5D=30&sort=PRICE_LOW&searchText=%E3%82%A2%E3%82%B0%E3%83%A9%E3%83%B4%E3%82%A7%E3%82%A4%E3%83%B3&tab=marketplace,https://explorer.blockchain.line.me/finschia/item-token-type/db8c702e/100000b7,https://lbw-impro.line-apps.com/v1/daphne/token/db8c702e/100000b700000001
第6弾,ミリオンプレス,100000b8,スピカ,1230,1230,832,31,https://nft.line.me/search?isSale=ON&sort=PRICE_LOW&searchText=%E3%82%B9%E3%83%94%E3%82%AB&tab=marketplace,https://explorer.blockchain.line.me/finschia/item-token-type/db8c702e/100000b8,https://lbw-impro.line-apps.com/v1/daphne/token/db8c702e/100000b800000001
第6弾,ミリオンプレス,100000b9,バルゴ,1230,1230,819,528,https://nft.line.me/search?isSale=ON&sort=PRICE_LOW&searchText=%E3%83%90%E3%83%AB%E3%82%B4&tab=marketplace,https://explorer.blockchain.line.me/finschia/item-token-type/db8c702e/100000b9,https://lbw-impro.line-apps.com/v1/daphne/token/db8c702e/100000b900000001
第6弾,ミリオンプレス,100000ba,クーピー,1230,1230,809,35,https://nft.line.me/search?isSale=ON&brandIds%5B0%5D=30&sort=PRICE_LOW&searchText=%E3%82%AF%E3%83%BC%E3%83%94%E3%83%BC&tab=marketplace,https://explorer.blockchain.line.me/finschia/item-token-type/db8c702e/100000ba,https://lbw-impro.line-apps.com/v1/daphne/token/db8c702e/100000ba00000001
第6弾,ミリオンプレス,100000bb,フェイ＆カブト,3176,3176,1669,17087,https://nft.line.me/search?isSale=ON&sort=PRICE_LOW&searchText=%E3%83%95%E3%82%A7%E3%82%A4%EF%BC%86%E3%82%AB%E3%83%96%E3%83%88&tab=marketplace,https://explorer.blockchain.line.me/finschia/item-token-type/db8c702e/100000bb,https://lbw-impro.line-apps.com/v1/daphne/token/db8c702e/100000bb00000001
第6弾,フレーズ,100000bc,MEGAPRESS!!!!,630,630,254,43,https://nft.line.me/search?isSale=ON&sort=PRICE_LOW&searchText=MEGAPRESS%21%21%21%21&tab=marketplace,https://explorer.blockchain.line.me/finschia/item-token-type/db8c702e/100000bc,https://lbw-impro.line-apps.com/v1/daphne/token/db8c702e/100000bc00000001
第6弾,フレーズ,100000bd,私が社長だ,630,630,400,34,https://nft.line.me/search?isSale=ON&brandIds%5B0%5D=30&sort=PRICE_LOW&searchText=%E7%A7%81%E3%81%8C%E7%A4%BE%E9%95%B7%E3%81%A0&tab=marketplace,https://explorer.blockchain.line.me/finschia/item-token-type/db8c702e/100000bd,https://lbw-impro.line-apps.com/v1/daphne/token/db8c702e/100000bd00000001
第6弾,フレーズ,100000be,慎重な作業です…,630,630,233,580,https://nft.line.me/search?isSale=ON&sort=PRICE_LOW&searchText=%E6%85%8E%E9%87%8D%E3%81%AA%E4%BD%9C%E6%A5%AD%E3%81%A7%E3%81%99%E2%80%A6&tab=marketplace,https://explorer.blockchain.line.me/finschia/item-token-type/db8c702e/100000be,https://lbw-impro.line-apps.com/v1/daphne/token/db8c702e/100000be00000001
第6弾,フレーズ,100000bf,OZK！,630,630,289,28,https://nft.line.me/search?isSale=ON&sort=PRICE_LOW&searchText=OZK%EF%BC%81&tab=marketplace,https://explorer.blockchain.line.me/finschia/item-token-type/db8c702e/100000bf,https://lbw-impro.line-apps.com/v1/daphne/token/db8c702e/100000bf00000001
第6弾,フレーズ,100000c0,これはレアですよ,630,630,395,516,https://nft.line.me/search?isSale=ON&sort=PRICE_LOW&searchText=%E3%81%93%E3%82%8C%E3%81%AF%E3%83%AC%E3%82%A2%E3%81%A7%E3%81%99%E3%82%88&tab=marketplace,https://explorer.blockchain.line.me/finschia/item-token-type/db8c702e/100000c0,https://lbw-impro.line-apps.com/v1/daphne/token/db8c702e/100000c000000001
第6弾,フレーズ,100000c1,良く見て！動いているよ。,630,630,288,52,https://nft.line.me/search?isSale=ON&brandIds%5B0%5D=30&sort=PRICE_LOW&searchText=%E8%89%AF%E3%81%8F%E8%A6%8B%E3%81%A6%EF%BC%81%E5%8B%95%E3%81%84%E3%81%A6%E3%81%84%E3%82%8B%E3%82%88%E3%80%82&tab=marketplace,https://explorer.blockchain.line.me/finschia/item-token-type/db8c702e/100000c1,https://lbw-impro.line-apps.com/v1/daphne/token/db8c702e/100000c100000001
第6弾,フレーズ,100000c2,残業ダメ絶対！,630,630,361,40,https://nft.line.me/search?isSale=ON&brandIds%5B0%5D=30&sort=PRICE_LOW&searchText=%E6%AE%8B%E6%A5%AD%E3%83%80%E3%83%A1%E7%B5%B6%E5%AF%BE%EF%BC%81&tab=marketplace,https://explorer.blockchain.line.me/finschia/item-token-type/db8c702e/100000c2,https://lbw-impro.line-apps.com/v1/daphne/token/db8c702e/100000c200000001
第6弾,フレーズ,100000c3,MEGA、MEGAぁ～！,630,630,243,314,https://nft.line.me/search?isSale=ON&sort=PRICE_LOW&searchText=MEGA%E3%80%81MEGA%E3%81%81%EF%BD%9E%EF%BC%81&tab=marketplace,https://explorer.blockchain.line.me/finschia/item-token-type/db8c702e/100000c3,https://lbw-impro.line-apps.com/v1/daphne/token/db8c702e/100000c300000001
第6弾,フレーズ,100000c4,われらー♪われらー♪,630,630,373,527,https://nft.line.me/search?isSale=ON&sort=PRICE_LOW&searchText=%E3%82%8F%E3%82%8C%E3%82%89%E3%83%BC%E2%99%AA%E3%82%8F%E3%82%8C%E3%82%89%E3%83%BC%E2%99%AA&tab=marketplace,https://explorer.blockchain.line.me/finschia/item-token-type/db8c702e/100000c4,https://lbw-impro.line-apps.com/v1/daphne/token/db8c702e/100000c400000001
第6弾,フレーズ,100000c5,うごいてなんぼ,630,630,358,967,https://nft.line.me/search?isSale=ON&brandIds%5B0%5D=30&sort=PRICE_LOW&searchText=%E3%81%86%E3%81%94%E3%81%84%E3%81%A6%E3%81%AA%E3%82%93%E3%81%BC&tab=marketplace,https://explorer.blockchain.line.me/finschia/item-token-type/db8c702e/100000c5,https://lbw-impro.line-apps.com/v1/daphne/token/db8c702e/100000c500000001
第6弾,フレーズ,100000c6,ぱんつくった,630,630,258,590,https://nft.line.me/search?isSale=ON&sort=PRICE_LOW&searchText=%E3%81%B1%E3%82%93%E3%81%A4%E3%81%8F%E3%81%A3%E3%81%9F&tab=marketplace,https://explorer.blockchain.line.me/finschia/item-token-type/db8c702e/100000c6,https://lbw-impro.line-apps.com/v1/daphne/token/db8c702e/100000c600000001
第6弾,フレーズ,100000c7,シースー,630,630,385,49,https://nft.line.me/search?isSale=ON&brandIds%5B0%5D=30&sort=PRICE_LOW&searchText=%E3%82%B7%E3%83%BC%E3%82%B9%E3%83%BC&tab=marketplace,https://explorer.blockchain.line.me/finschia/item-token-type/db8c702e/100000c7,https://lbw-impro.line-apps.com/v1/daphne/token/db8c702e/100000c700000001
第6弾,4コマ,100000c8,ダブルショットガール①,730,730,432,533,https://nft.line.me/search?isSale=ON&sort=PRICE_LOW&searchText=%E3%83%80%E3%83%96%E3%83%AB%E3%82%B7%E3%83%A7%E3%83%83%E3%83%88%E3%82%AC%E3%83%BC%E3%83%AB%E2%91%A0&tab=marketplace,https://explorer.blockchain.line.me/finschia/item-token-type/db8c702e/100000c8,https://lbw-impro.line-apps.com/v1/daphne/token/db8c702e/100000c800000001
第6弾,4コマ,100000c9,ダブルショットガール②,730,730,445,543,https://nft.line.me/search?isSale=ON&sort=PRICE_LOW&searchText=%E3%83%80%E3%83%96%E3%83%AB%E3%82%B7%E3%83%A7%E3%83%83%E3%83%88%E3%82%AC%E3%83%BC%E3%83%AB%E2%91%A1&tab=marketplace,https://explorer.blockchain.line.me/finschia/item-token-type/db8c702e/100000c9,https://lbw-impro.line-apps.com/v1/daphne/token/db8c702e/100000c900000001
第6弾,4コマ,100000ca,ダブルショットガール③,730,730,386,36,https://nft.line.me/search?isSale=ON&sort=PRICE_LOW&searchText=%E3%83%80%E3%83%96%E3%83%AB%E3%82%B7%E3%83%A7%E3%83%83%E3%83%88%E3%82%AC%E3%83%BC%E3%83%AB%E2%91%A2&tab=marketplace,https://explorer.blockchain.line.me/finschia/item-token-type/db8c702e/100000ca,https://lbw-impro.line-apps.com/v1/daphne/token/db8c702e/100000ca00000001
第6弾,4コマ,100000cb,ダブルショットガール④,730,730,397,46,https://nft.line.me/search?isSale=ON&sort=PRICE_LOW&searchText=%E3%83%80%E3%83%96%E3%83%AB%E3%82%B7%E3%83%A7%E3%83%83%E3%83%88%E3%82%AC%E3%83%BC%E3%83%AB%E2%91%A3&tab=marketplace,https://explorer.blockchain.line.me/finschia/item-token-type/db8c702e/100000cb,https://lbw-impro.line-apps.com/v1/daphne/token/db8c702e/100000cb00000001
第6弾,4コマ,100000cc,月への侵略者①,730,730,408,46,https://nft.line.me/search?isSale=ON&sort=PRICE_LOW&searchText=%E6%9C%88%E3%81%B8%E3%81%AE%E4%BE%B5%E7%95%A5%E8%80%85%E2%91%A0&tab=marketplace,https://explorer.blockchain.line.me/finschia/item-token-type/db8c702e/100000cc,https://lbw-impro.line-apps.com/v1/daphne/token/db8c702e/100000cc00000001
第6弾,4コマ,100000cd,月への侵略者②,730,730,402,56,https://nft.line.me/search?isSale=ON&sort=PRICE_LOW&searchText=%E6%9C%88%E3%81%B8%E3%81%AE%E4%BE%B5%E7%95%A5%E8%80%85%E2%91%A1&tab=marketplace,https://explorer.blockchain.line.me/finschia/item-token-type/db8c702e/100000cd,https://lbw-impro.line-apps.com/v1/daphne/token/db8c702e/100000cd00000001
第6弾,4コマ,100000ce,月への侵略者③,730,730,375,51,https://nft.line.me/search?isSale=ON&sort=PRICE_LOW&searchText=%E6%9C%88%E3%81%B8%E3%81%AE%E4%BE%B5%E7%95%A5%E8%80%85%E2%91%A2&tab=marketplace,https://explorer.blockchain.line.me/finschia/item-token-type/db8c702e/100000ce,https://lbw-impro.line-apps.com/v1/daphne/token/db8c702e/100000ce00000001
第6弾,4コマ,100000cf,月への侵略者④,730,730,410,53,https://nft.line.me/search?isSale=ON&sort=PRICE_LOW&searchText=%E6%9C%88%E3%81%B8%E3%81%AE%E4%BE%B5%E7%95%A5%E8%80%85%E2%91%A3&tab=marketplace,https://explorer.blockchain.line.me/finschia/item-token-type/db8c702e/100000cf,https://lbw-impro.line-apps.com/v1/daphne/token/db8c702e/100000cf00000001
-,その他,100000d1,-工場長 スカアハ-,50030,50030,17780,12790,2次流通なし,https://explorer.blockchain.line.me/finschia/item-token-type/db8c702e/100000d1,https://lbw-impro.line-apps.com/v1/daphne/token/db8c702e/100000d100000001
プロフィールNFT,その他,100000d2,【プロフィールNFT】スーパーエル,5030,5030,1718,2533,https://nft.line.me/search?isSale=ON&sort=PRICE_LOW&searchText=%E3%80%90%E3%83%97%E3%83%AD%E3%83%95%E3%82%A3%E3%83%BC%E3%83%ABNFT%E3%80%91%E3%82%B9%E3%83%BC%E3%83%91%E3%83%BC%E3%82%A8%E3%83%AB&tab=marketplace,https://explorer.blockchain.line.me/finschia/item-token-type/db8c702e/100000d2,https://lbw-impro.line-apps.com/v1/daphne/token/db8c702e/100000d200000001
プロフィールNFT,その他,100000d3,【プロフィールNFT】アーサー 剣術の城,5030,5030,360,3,https://nft.line.me/search?isSale=ON&sort=PRICE_LOW&searchText=%E3%80%90%E3%83%97%E3%83%AD%E3%83%95%E3%82%A3%E3%83%BC%E3%83%ABNFT%E3%80%91%E3%82%A2%E3%83%BC%E3%82%B5%E3%83%BC%20%E5%89%A3%E8%A1%93%E3%81%AE%E5%9F%8E&tab=marketplace,https://explorer.blockchain.line.me/finschia/item-token-type/db8c702e/100000d3,https://lbw-impro.line-apps.com/v1/daphne/token/db8c702e/100000d300000001
プロフィールNFT,その他,100000d4,【プロフィールNFT】アーサー 魔法の派,5030,5030,104,110,https://nft.line.me/search?isSale=ON&sort=PRICE_LOW&searchText=%E3%80%90%E3%83%97%E3%83%AD%E3%83%95%E3%82%A3%E3%83%BC%E3%83%ABNFT%E3%80%91%E3%82%A2%E3%83%BC%E3%82%B5%E3%83%BC%20%E9%AD%94%E6%B3%95%E3%81%AE%E6%B4%BE&tab=marketplace,https://explorer.blockchain.line.me/finschia/item-token-type/db8c702e/100000d4,https://lbw-impro.line-apps.com/v1/daphne/token/db8c702e/100000d400000001
プロフィールNFT,その他,100000d5,【プロフィールNFT】アーサー 技巧の場,5030,5030,218,691,https://nft.line.me/search?isSale=ON&sort=PRICE_LOW&searchText=%E3%80%90%E3%83%97%E3%83%AD%E3%83%95%E3%82%A3%E3%83%BC%E3%83%ABNFT%E3%80%91%E3%82%A2%E3%83%BC%E3%82%B5%E3%83%BC%20%E6%8A%80%E5%B7%A7%E3%81%AE%E5%A0%B4&tab=marketplace,https://explorer.blockchain.line.me/finschia/item-token-type/db8c702e/100000d5,https://lbw-impro.line-apps.com/v1/daphne/token/db8c702e/100000d500000001
第1回 メガししゃもグミ,その他,100000d6,メガししゃもグミ コーラ味,30030,30030,7185,11734,2次流通なし,https://explorer.blockchain.line.me/finschia/item-token-type/db8c702e/100000d6,https://lbw-impro.line-apps.com/v1/daphne/token/db8c702e/100000d600000001
プロフィールNFT,その他,100000d7,【プロフィールNFT】はっぱ,5030,5030,246,594,https://nft.line.me/search?isSale=ON&sort=PRICE_LOW&searchText=%E3%81%AF%E3%81%A3%E3%81%B1&tab=marketplace,https://explorer.blockchain.line.me/finschia/item-token-type/db8c702e/100000d7,https://lbw-impro.line-apps.com/v1/daphne/token/db8c702e/100000d700000001
プロフィールNFT,その他,100000d8,【プロフィールNFT】ごーるでんぱんつ,5030,5030,287,4,https://nft.line.me/search?isSale=ON&sort=PRICE_LOW&searchText=%E3%81%94%E3%83%BC%E3%82%8B%E3%81%A7%E3%82%93%E3%81%B1%E3%82%93%E3%81%A4&tab=marketplace,https://explorer.blockchain.line.me/finschia/item-token-type/db8c702e/100000d8,https://lbw-impro.line-apps.com/v1/daphne/token/db8c702e/100000d800000001
プロフィールNFT,その他,100000d9,【プロフィールNFT】ざ・れいんぼー,5030,5030,1193,1528,https://nft.line.me/search?isSale=ON&sort=PRICE_LOW&searchText=%E3%81%96%E3%83%BB%E3%82%8C%E3%81%84%E3%82%93%E3%81%BC%E3%83%BC&tab=marketplace,https://explorer.blockchain.line.me/finschia/item-token-type/db8c702e/100000d9,https://lbw-impro.line-apps.com/v1/daphne/token/db8c702e/100000d900000001
第6弾,フレーズ,100000da,大納言エル～シーズン1記念Ver～,10030,10030,1766,1396,https://nft.line.me/search?isSale=ON&sort=PRICE_LOW&searchText=%E5%A4%A7%E7%B4%8D%E8%A8%80%E3%82%A8%E3%83%AB%EF%BD%9E%E3%82%B7%E3%83%BC%E3%82%BA%E3%83%B31%E8%A8%98%E5%BF%B5Ver&tab=marketplace,https://explorer.blockchain.line.me/finschia/item-token-type/db8c702e/100000da,https://lbw-impro.line-apps.com/v1/daphne/token/db8c702e/100000da00000001
歌舞伎コラボ,ミリオンプレス,100000db,石川ーサー五右衛門,1630,1630,938,9239,https://nft.line.me/search?isSale=ON&sort=PRICE_LOW&searchText=%E7%9F%B3%E5%B7%9D%E3%83%BC%E3%82%B5%E3%83%BC&tab=marketplace,https://explorer.blockchain.line.me/finschia/item-token-type/db8c702e/100000db,https://lbw-impro.line-apps.com/v1/daphne/token/db8c702e/100000db00000001
歌舞伎コラボ,ミリオンプレス,100000dc,巴エル御前,1630,1630,851,8175,https://nft.line.me/search?currency=FNSA&isSale=ON&priceMin=0.2&priceMax=2&sort=PRICE_LOW&searchText=%E5%B7%B4%E3%82%A8%E3%83%AB%E5%BE%A1%E5%89%8D&tab=marketplace,https://explorer.blockchain.line.me/finschia/item-token-type/db8c702e/100000dc,https://lbw-impro.line-apps.com/v1/daphne/token/db8c702e/100000dc00000001
歌舞伎コラボ,ミリオンプレス,100000dd,坂田ガウェイン時,1630,1630,887,7256,https://nft.line.me/search?currency=FNSA&isSale=ON&priceMin=0.15&priceMax=2&sort=PRICE_LOW&searchText=%E5%9D%82%E7%94%B0%E3%82%AC%E3%82%A6%E3%82%A7%E3%82%A4%E3%83%B3%E6%99%82&tab=marketplace,https://explorer.blockchain.line.me/finschia/item-token-type/db8c702e/100000dd,https://lbw-impro.line-apps.com/v1/daphne/token/db8c702e/100000dd00000001
歌舞伎コラボ,フレーズ,100000de,まず今日はこれぎり,630,630,388,2943,https://nft.line.me/search?isSale=ON&sort=PRICE_LOW&searchText=%E3%81%BE%E3%81%9A%E4%BB%8A%E6%97%A5%E3%81%AF%E3%81%93%E3%82%8C%E3%81%8E%E3%82%8A&tab=marketplace,https://explorer.blockchain.line.me/finschia/item-token-type/db8c702e/100000de,https://lbw-impro.line-apps.com/v1/daphne/token/db8c702e/100000de00000001
歌舞伎コラボ,フレーズ,100000df,絶景かな、絶景かな,630,630,377,3203,https://nft.line.me/search?isSale=ON&sort=PRICE_LOW&searchText=%E7%B5%B6%E6%99%AF%E3%81%8B%E3%81%AA%E3%80%81%E7%B5%B6%E6%99%AF%E3%81%8B%E3%81%AA&tab=marketplace,https://explorer.blockchain.line.me/finschia/item-token-type/db8c702e/100000df,https://lbw-impro.line-apps.com/v1/daphne/token/db8c702e/100000df00000001
歌舞伎コラボ,フレーズ,100000e0,知らざぁ、言って聞かせやしょう,630,630,374,3215,https://nft.line.me/search?isSale=ON&sort=PRICE_LOW&searchText=%E7%9F%A5%E3%82%89%E3%81%96%E3%81%81%E3%80%81%E8%A8%80%E3%81%A3%E3%81%A6%E8%81%9E%E3%81%8B%E3%81%9B%E3%82%84%E3%81%97%E3%82%87%E3%81%86&tab=marketplace,https://explorer.blockchain.line.me/finschia/item-token-type/db8c702e/100000e0,https://lbw-impro.line-apps.com/v1/daphne/token/db8c702e/100000e000000001
歌舞伎コラボ,フレーズ,100000e1,こいつぁ春から縁起がいいわぇ,630,630,371,2779,https://nft.line.me/search?isSale=ON&sort=PRICE_LOW&searchText=%E3%81%93%E3%81%84%E3%81%A4%E3%81%81%E6%98%A5%E3%81%8B%E3%82%89%E7%B8%81%E8%B5%B7%E3%81%8C%E3%81%84%E3%81%84%E3%82%8F%E3%81%87&tab=marketplace,https://explorer.blockchain.line.me/finschia/item-token-type/db8c702e/100000e1,https://lbw-impro.line-apps.com/v1/daphne/token/db8c702e/100000e100000001
歌舞伎コラボ,4コマ,100000e2,ダンシングスパイダー☆ ①,630,630,384,2876,https://nft.line.me/search?isSale=ON&sort=PRICE_LOW&searchText=%E3%83%80%E3%83%B3%E3%82%B7%E3%83%B3%E3%82%B0%E3%82%B9%E3%83%91%E3%82%A4%E3%83%80%E3%83%BC%E2%98%86%20%E2%91%A0&tab=marketplace,https://explorer.blockchain.line.me/finschia/item-token-type/db8c702e/100000e2,https://lbw-impro.line-apps.com/v1/daphne/token/db8c702e/100000e200000001
歌舞伎コラボ,4コマ,100000e3,ダンシングスパイダー☆ ②,630,630,371,3632,https://nft.line.me/search?isSale=ON&sort=PRICE_LOW&searchText=%E3%83%80%E3%83%B3%E3%82%B7%E3%83%B3%E3%82%B0%E3%82%B9%E3%83%91%E3%82%A4%E3%83%80%E3%83%BC%E2%98%86%20%E2%91%A1&tab=marketplace,https://explorer.blockchain.line.me/finschia/item-token-type/db8c702e/100000e3,https://lbw-impro.line-apps.com/v1/daphne/token/db8c702e/100000e300000001
歌舞伎コラボ,4コマ,100000e4,ダンシングスパイダー☆ ③,630,630,371,2805,https://nft.line.me/search?isSale=ON&sort=PRICE_LOW&searchText=%E3%83%80%E3%83%B3%E3%82%B7%E3%83%B3%E3%82%B0%E3%82%B9%E3%83%91%E3%82%A4%E3%83%80%E3%83%BC%E2%98%86%20%E2%91%A2&tab=marketplace,https://explorer.blockchain.line.me/finschia/item-token-type/db8c702e/100000e4,https://lbw-impro.line-apps.com/v1/daphne/token/db8c702e/100000e400000001
歌舞伎コラボ,4コマ,100000e5,ダンシングスパイダー☆ ④,630,630,372,2808,https://nft.line.me/search?isSale=ON&sort=PRICE_LOW&searchText=%E3%83%80%E3%83%B3%E3%82%B7%E3%83%B3%E3%82%B0%E3%82%B9%E3%83%91%E3%82%A4%E3%83%80%E3%83%BC%E2%98%86%20%E2%91%A3&tab=marketplace,https://explorer.blockchain.line.me/finschia/item-token-type/db8c702e/100000e5,https://lbw-impro.line-apps.com/v1/daphne/token/db8c702e/100000e500000001
歌舞伎コラボ,ミリオンプレス,100000e6,浮世エル,15030,15030,3738,3992,2次流通なし,https://explorer.blockchain.line.me/finschia/item-token-type/db8c702e/100000e6,https://lbw-impro.line-apps.com/v1/daphne/token/db8c702e/100000e600000001